Category,Reference,Manufacturer Part,Description,LCSC Candidate,Qty 20x20,Qty 28x28,Status / required validation
MCU,U1,ESP32-S3FN8,"Dual-core MCU, 8 MB Flash, native USB, QFN56",C2913196,1,1,"CONDITIONAL: quad-flash and USB confirmed; complete pin/glitch/ADC audit and lifecycle check"
RGB LED,D1-D400 / D1-D784,MHPA1010RGBDT,"1.0x1.0 mm common-anode RGB LED",C404280,400,784,"CONDITIONAL: pin map land pattern and maximum two reflows verified; confirm bin stock and alternate"
LED driver,U_LED_R_A/B U_LED_G_A/B U_LED_B_A/B,MBI5124GP-B,"16-channel constant-current sink driver",C256866,6,6,"CONDITIONAL: color-homogeneous drivers use R/G/B pre-charge words; 1.96k 0.1% gives about 9.41mA and 9.95mA combined worst case; verify VDS thermal stock and alternate"
Row translator,U_ROW_XLAT,SN74LVC8T245RHLR,"8-bit dual-supply translator with Ioff and VCC isolation",- ,1,1,"CONDITIONAL: TI RHL0024A footprint released from drawing 4225250 Rev C; verify package availability and power ramps"
Row decoder,U_DEC1-U_DEC2,"74HC154PW,118","4-to-16 active-low decoder; TSSOP-24",- ,2,2,"CONDITIONAL: selected behind translator; verify stock and measured gate timing"
Row PMOS,Q_ROW1-Q_ROW20/28,AO3403,"-30V low-Qg P-channel MOSFET; SOT-23",- ,20,28,"CONDITIONAL: full production; 2.8nC typical Qg and 200mR max at -2.5V; measure drop and switching"
LED signal buffer,U_LED_BUF,SN74LV125APWR,"Quad buffer with Ioff for switched MBI5124 domain",- ,1,1,"CONDITIONAL: selected for GPIO back-power isolation; verify stock and power-up behavior"
LED SDO return buffer,U_LED_SDO_BUF,SN74LVC1G125DBVR,"Single buffer with Ioff for MBI5124 configuration readback",- ,1,1,"CONDITIONAL: SDO return to GPIO48 with always-enabled output and MCU-side 100k pull-down; verify stock and power-up behavior"
IMU,U_IMU,BMI270,"6-axis accelerometer and gyroscope",C2836813,1,1,"CONDITIONAL: Bosch LGA-14 3x2.5mm footprint released; verify interrupt and low-power configuration"
Charger,U_CHG,BQ25185,"1-cell linear charger with power path and ship mode",C19725033,1,1,"CONDITIONAL: TI DLH0010A footprint and 24k/18k ILIM plus 1k/750R ISET confirmed; design CE resampling TS network and thermal policy"
LED DC/DC,U_LED_PWR,TPS63802DLAR,"Synchronous buck-boost converter; VSON-HR-10",C2845237,1,1,"CONDITIONAL: TI DLA0010A HotRod footprint released from drawing 4223750 Rev D; use 655k/91k feedback 10uF input 2x22uF output; verify thermal/load margin"
AON LDO,U_LDO,TPS7A2033,"Low-Iq 3.3 V LDO",C2862740,1,1,"Verify peak current and output capacitor"
Fuel gauge,U_GAUGE,MAX17048G+T10,"1-cell ModelGauge fuel gauge",C2682616,1,1,"CONDITIONAL: Maxim 21-0168 / 90-0065 TDFN footprint released; configure alert and hibernate"
Microphone,MIC1,MA-HFA381-H13-1AF,"Top-port analog MEMS microphone",C50275762,1,1,"Low stock risk; approved alternate required"
Audio op amp,U_AUDIO,TLV9001IDCKR,"Rail-to-rail low-power op amp SC70-5",C398362,1,1,"Verify ADC swing noise and startup"
USB ESD,U_ESD,USBLC6-2SC6,"Two-line USB ESD protector",C7519,1,1,"Selected; place at connector"
Crystal,Y1,L327S400H11L,"40 MHz 3225 crystal 10 pF ±10 ppm",C5261245,1,1,"CONDITIONAL: exact 4-pin symbol and manufacturer SMD3225-4P footprint released with case pins 2/4 grounded; verify ESP32-S3 load network startup and 24 nH recommendation"
USB-C connector,J_USB,"HH 16P TYPE-C (Y385) EVT candidate","USB 2.0 Type-C receptacle",C52209107,1,1,"BLOCKED_EXTERNAL: supplier listing verified; assign footprint only after enclosure cross-section and drawing review"
Battery connector,J_BAT,TBD,"Low-profile 3-pin 1.0 mm connector",- ,1,1,"BAT+ NTC GND; match battery supplier"
Battery,BT1,TBD protected Li-Po,"1S Li-Po with PCM NTC and UN38.3",- ,1,1,"20x20 700-800 mAh; 28x28 1200-1400 mAh; drawing required"
Inductor,L_LED,DFE201612E-R47M=P2,"Murata shielded 0.47uH; Isat 5.5A; 2.0x1.6x1.2mm",- ,1,1,"CONDITIONAL: manufacturer recommended footprint released; confirm exact ordering code lifecycle and distributor stock"
Rear button,SW1,TBD,"Low-profile momentary tactile switch",- ,1,1,"Choose with enclosure plunger and lifecycle"
Battery NTC,TH_BAT,10k B3435,"Battery temperature sensor",- ,1,1,"Prefer supplied inside battery pack"
PCB NTC,TH_PCB,10k NTC,"PCB thermal monitor",- ,1,1,"Select tolerance and B value"
Load switch,U_LED_LOGIC,TPS22917DBVR,"3.3V load switch with reverse-current blocking; SOT-23-6",- ,1,1,"CONDITIONAL: common part selected; 100k enable pull-down and configurable QOD required"
Load switch,U_AUDIO_SW,TPS22917DBVR,"3.3V load switch with reverse-current blocking; SOT-23-6",- ,1,1,"CONDITIONAL: common part selected; 100k enable pull-down CT ramp and DNP QOD start"
Front panel,MECH_FRONT,TBD smoked PC,"0.6-0.8 mm optical cover",- ,1,1,"EVT samples at 30/40/50 percent transmission"
Pixel grid,MECH_GRID,TBD black polymer,"Optical separator grid 1.0-1.5 mm",- ,1,1,"SLA prototype then production process"
PCB,PCB1,Custom 4-layer,"1.0 mm ENIG black mask",- ,1,1,"49.3 mm / 61.2 mm pre-route; 0.30mm copper-edge rule; final after DFM"
