Category,Manufacturer Part,Status,Release blocker,Required evidence
MCU,ESP32-S3FN8,CONDITIONAL,"Full pin/reset/ADC audit; production schematic incomplete","Root netlist review; reset and power-ramp EVT"
RGB LED,MHPA1010RGBDT,CONDITIONAL,"Binning and alternate not approved","Supplier bin quote; optical EVT; approved alternate"
LED driver,MBI5124GP-B,CONDITIONAL,"Lifecycle alternate and thermal headroom open","Stock/lifecycle review; hot VDS/current measurements"
Row translator,SN74LVC8T245RHLR,CONDITIONAL,"Power-ramp behavior requires EVT","RHL0024A footprint audit; ramp/back-power test"
Row decoder,"74HC154PW,118",CONDITIONAL,"Gate timing not measured","Stock review; decoder/PMOS waveform test"
Row PMOS,AO3403,CONDITIONAL,"Drop and switching not measured","Hot voltage-drop and dead-time measurements"
LED signal buffer,SN74LV125APWR,CONDITIONAL,"Power-up behavior not measured","Stock review; ramp/back-power test"
LED SDO return buffer,SN74LVC1G125DBVR,CONDITIONAL,"Power-up behavior not measured","Stock review; configuration readback test"
IMU,BMI270,CONDITIONAL,"Bosch LGA-14 footprint released; interrupt and low-power configuration open","Wake and false-wake EVT"
Charger,BQ25185,CONDITIONAL,"TI DLH0010A footprint released; TS network and thermal policy open","Charge/load/NTC thermal EVT"
LED DC/DC,TPS63802DLAR,CONDITIONAL,"TI DLA0010A footprint released; load-transient and enclosure thermal margin open","Complete power layout; transient and thermal EVT"
AON LDO,TPS7A2033,CONDITIONAL,"Peak load and capacitor margin open","Load budget; transient measurement"
Fuel gauge,MAX17048G+T10,CONDITIONAL,"Maxim 21-0168 / 90-0065 footprint released; alert and hibernate configuration open","SOC/runtime characterization"
Microphone,"MA-HFA381-H13-1AF; alternate NA-FFA381-A10-1",CONDITIONAL,"Alternate is top-port and electrically suitable but exact footprint and AFE gain/bias compatibility are not released","Release manufacturer land pattern; verify pin map; supplier quote; acoustic and noise EVT"
Audio op amp,TLV9001IDCKR,CONDITIONAL,"ADC swing/noise/startup open","Complete layout; audio-noise EVT"
USB ESD,USBLC6-2SC6,CONDITIONAL,"Placement and USB signal integrity open","Complete USB layout; enumeration and ESD pre-compliance"
Crystal,L327S400H11L,CONDITIONAL,"Exact 4-pin symbol and SMD3225-4P footprint released; load network and layout open","Complete layout; frequency/startup measurement"
USB-C connector,"HH 16P TYPE-C (Y385), C52209107",BLOCKED_EXTERNAL,"Enclosure cross-section not frozen","Supplier drawing; enclosure fit; mating-cycle requirement"
Battery connector,"Molex 504050-0391 / 504051-0301 / 504052-0098",CONDITIONAL,"EVT connector set selected; battery harness and wire exit are not confirmed","Battery supplier mating confirmation; pin order; polarity; wire gauge; bend envelope"
Battery,"TBD protected Li-Po",BLOCKED_EXTERNAL,"No supplier drawing/PCM/NTC/UN38.3","Qualified supplier pack and compliance evidence"
Inductor,DFE201612E-R47M=P2,CONDITIONAL,"Manufacturer footprint released; ordering code stock/lifecycle open","Authorized distributor lifecycle and stock review"
Rear button,Panasonic EVPBL2A1F000,CONDITIONAL,"Exact switch selected; enclosure plunger and preload remain undefined","Manufacturer land pattern; rear-cover plunger tolerance stack"
Battery NTC,"10k B3435",BLOCKED_EXTERNAL,"Must match selected pack","Battery supplier resistance table"
PCB NTC,"TE Connectivity 20021086-05",CONDITIONAL,"Exact 0402 10k 1% B25/85 3435K part selected; physical thermal correlation remains open","Release 0402 footprint; placement review; thermal correlation EVT"
LED logic load switch,TPS22917DBVR,CONDITIONAL,"Ramp and QOD behavior open","Complete schematic; ramp/back-power EVT"
Audio load switch,TPS22917DBVR,CONDITIONAL,"Ramp and QOD behavior open","Complete schematic; startup/noise EVT"
Front panel,TBD smoked PC,BLOCKED_EXTERNAL,"Transmission and material not selected","Nine-sample optical EVT"
Pixel grid,TBD black polymer,BLOCKED_EXTERNAL,"Geometry and process not selected","SLA optical EVT; production process quote"
PCB,Custom 4-layer,BLOCKED_DESIGN,"Backside placement and routing incomplete","Final DRC; stackup; supplier DFM approval"
