Ref,Val,Package,PosX,PosY,Rot,Side
"J_COL","FFC_40P_050_COL","FFC_40P_050_COL",83.350000,-158.399999,0.000000,bottom
"J_ROW","FFC_40P_050_ROW","FFC_40P_050_ROW",8.000000,-83.350000,-90.000000,bottom
"D1","NCD0603W1","NCD0603W1",43.980000,-43.980000,180.000000,top
"D2","NCD0603W1","NCD0603W1",46.519999,-43.980000,180.000000,top
"D3","NCD0603W1","NCD0603W1",49.059999,-43.980000,180.000000,top
"D4","NCD0603W1","NCD0603W1",51.599999,-43.980000,180.000000,top
"D5","NCD0603W1","NCD0603W1",54.140000,-43.980000,180.000000,top
"D6","NCD0603W1","NCD0603W1",56.679999,-43.980000,180.000000,top
"D7","NCD0603W1","NCD0603W1",59.220000,-43.980000,180.000000,top
"D8","NCD0603W1","NCD0603W1",61.760000,-43.980000,180.000000,top
"D9","NCD0603W1","NCD0603W1",64.300000,-43.980000,180.000000,top
"D10","NCD0603W1","NCD0603W1",66.840000,-43.980000,180.000000,top
"D11","NCD0603W1","NCD0603W1",69.380000,-43.980000,180.000000,top
"D12","NCD0603W1","NCD0603W1",71.920000,-43.980000,180.000000,top
"D13","NCD0603W1","NCD0603W1",74.460000,-43.980000,180.000000,top
"D14","NCD0603W1","NCD0603W1",77.000000,-43.980000,180.000000,top
"D15","NCD0603W1","NCD0603W1",79.539999,-43.980000,180.000000,top
"D16","NCD0603W1","NCD0603W1",82.080000,-43.980000,180.000000,top
"D17","NCD0603W1","NCD0603W1",84.620000,-43.980000,180.000000,top
"D18","NCD0603W1","NCD0603W1",87.160000,-43.980000,180.000000,top
"D19","NCD0603W1","NCD0603W1",89.699999,-43.980000,180.000000,top
"D20","NCD0603W1","NCD0603W1",92.240000,-43.980000,180.000000,top
"D21","NCD0603W1","NCD0603W1",94.780000,-43.980000,180.000000,top
"D22","NCD0603W1","NCD0603W1",97.320000,-43.980000,180.000000,top
"D23","NCD0603W1","NCD0603W1",99.860000,-43.980000,180.000000,top
"D24","NCD0603W1","NCD0603W1",102.400000,-43.980000,180.000000,top
"D25","NCD0603W1","NCD0603W1",104.940000,-43.980000,180.000000,top
"D26","NCD0603W1","NCD0603W1",107.479999,-43.980000,180.000000,top
"D27","NCD0603W1","NCD0603W1",110.020000,-43.980000,180.000000,top
"D28","NCD0603W1","NCD0603W1",112.560000,-43.980000,180.000000,top
"D29","NCD0603W1","NCD0603W1",115.100000,-43.980000,180.000000,top
"D30","NCD0603W1","NCD0603W1",117.639999,-43.980000,180.000000,top
"D31","NCD0603W1","NCD0603W1",120.180000,-43.980000,180.000000,top
"D32","NCD0603W1","NCD0603W1",122.720000,-43.980000,180.000000,top
"D33","NCD0603W1","NCD0603W1",43.980000,-46.519999,180.000000,top
"D34","NCD0603W1","NCD0603W1",46.519999,-46.519999,180.000000,top
"D35","NCD0603W1","NCD0603W1",49.059999,-46.519999,180.000000,top
"D36","NCD0603W1","NCD0603W1",51.599999,-46.519999,180.000000,top
"D37","NCD0603W1","NCD0603W1",54.140000,-46.519999,180.000000,top
"D38","NCD0603W1","NCD0603W1",56.679999,-46.519999,180.000000,top
"D39","NCD0603W1","NCD0603W1",59.220000,-46.519999,180.000000,top
"D40","NCD0603W1","NCD0603W1",61.760000,-46.519999,180.000000,top
"D41","NCD0603W1","NCD0603W1",64.300000,-46.519999,180.000000,top
"D42","NCD0603W1","NCD0603W1",66.840000,-46.519999,180.000000,top
"D43","NCD0603W1","NCD0603W1",69.380000,-46.519999,180.000000,top
"D44","NCD0603W1","NCD0603W1",71.920000,-46.519999,180.000000,top
"D45","NCD0603W1","NCD0603W1",74.460000,-46.519999,180.000000,top
"D46","NCD0603W1","NCD0603W1",77.000000,-46.519999,180.000000,top
"D47","NCD0603W1","NCD0603W1",79.539999,-46.519999,180.000000,top
"D48","NCD0603W1","NCD0603W1",82.080000,-46.519999,180.000000,top
"D49","NCD0603W1","NCD0603W1",84.620000,-46.519999,180.000000,top
"D50","NCD0603W1","NCD0603W1",87.160000,-46.519999,180.000000,top
"D51","NCD0603W1","NCD0603W1",89.699999,-46.519999,180.000000,top
"D52","NCD0603W1","NCD0603W1",92.240000,-46.519999,180.000000,top
"D53","NCD0603W1","NCD0603W1",94.780000,-46.519999,180.000000,top
"D54","NCD0603W1","NCD0603W1",97.320000,-46.519999,180.000000,top
"D55","NCD0603W1","NCD0603W1",99.860000,-46.519999,180.000000,top
"D56","NCD0603W1","NCD0603W1",102.400000,-46.519999,180.000000,top
"D57","NCD0603W1","NCD0603W1",104.940000,-46.519999,180.000000,top
"D58","NCD0603W1","NCD0603W1",107.479999,-46.519999,180.000000,top
"D59","NCD0603W1","NCD0603W1",110.020000,-46.519999,180.000000,top
"D60","NCD0603W1","NCD0603W1",112.560000,-46.519999,180.000000,top
"D61","NCD0603W1","NCD0603W1",115.100000,-46.519999,180.000000,top
"D62","NCD0603W1","NCD0603W1",117.639999,-46.519999,180.000000,top
"D63","NCD0603W1","NCD0603W1",120.180000,-46.519999,180.000000,top
"D64","NCD0603W1","NCD0603W1",122.720000,-46.519999,180.000000,top
"D65","NCD0603W1","NCD0603W1",43.980000,-49.059999,180.000000,top
"D66","NCD0603W1","NCD0603W1",46.519999,-49.059999,180.000000,top
"D67","NCD0603W1","NCD0603W1",49.059999,-49.059999,180.000000,top
"D68","NCD0603W1","NCD0603W1",51.599999,-49.059999,180.000000,top
"D69","NCD0603W1","NCD0603W1",54.140000,-49.059999,180.000000,top
"D70","NCD0603W1","NCD0603W1",56.679999,-49.059999,180.000000,top
"D71","NCD0603W1","NCD0603W1",59.220000,-49.059999,180.000000,top
"D72","NCD0603W1","NCD0603W1",61.760000,-49.059999,180.000000,top
"D73","NCD0603W1","NCD0603W1",64.300000,-49.059999,180.000000,top
"D74","NCD0603W1","NCD0603W1",66.840000,-49.059999,180.000000,top
"D75","NCD0603W1","NCD0603W1",69.380000,-49.059999,180.000000,top
"D76","NCD0603W1","NCD0603W1",71.920000,-49.059999,180.000000,top
"D77","NCD0603W1","NCD0603W1",74.460000,-49.059999,180.000000,top
"D78","NCD0603W1","NCD0603W1",77.000000,-49.059999,180.000000,top
"D79","NCD0603W1","NCD0603W1",79.539999,-49.059999,180.000000,top
"D80","NCD0603W1","NCD0603W1",82.080000,-49.059999,180.000000,top
"D81","NCD0603W1","NCD0603W1",84.620000,-49.059999,180.000000,top
"D82","NCD0603W1","NCD0603W1",87.160000,-49.059999,180.000000,top
"D83","NCD0603W1","NCD0603W1",89.699999,-49.059999,180.000000,top
"D84","NCD0603W1","NCD0603W1",92.240000,-49.059999,180.000000,top
"D85","NCD0603W1","NCD0603W1",94.780000,-49.059999,180.000000,top
"D86","NCD0603W1","NCD0603W1",97.320000,-49.059999,180.000000,top
"D87","NCD0603W1","NCD0603W1",99.860000,-49.059999,180.000000,top
"D88","NCD0603W1","NCD0603W1",102.400000,-49.059999,180.000000,top
"D89","NCD0603W1","NCD0603W1",104.940000,-49.059999,180.000000,top
"D90","NCD0603W1","NCD0603W1",107.479999,-49.059999,180.000000,top
"D91","NCD0603W1","NCD0603W1",110.020000,-49.059999,180.000000,top
"D92","NCD0603W1","NCD0603W1",112.560000,-49.059999,180.000000,top
"D93","NCD0603W1","NCD0603W1",115.100000,-49.059999,180.000000,top
"D94","NCD0603W1","NCD0603W1",117.639999,-49.059999,180.000000,top
"D95","NCD0603W1","NCD0603W1",120.180000,-49.059999,180.000000,top
"D96","NCD0603W1","NCD0603W1",122.720000,-49.059999,180.000000,top
"D97","NCD0603W1","NCD0603W1",43.980000,-51.599999,180.000000,top
"D98","NCD0603W1","NCD0603W1",46.519999,-51.599999,180.000000,top
"D99","NCD0603W1","NCD0603W1",49.059999,-51.599999,180.000000,top
"D100","NCD0603W1","NCD0603W1",51.599999,-51.599999,180.000000,top
"D101","NCD0603W1","NCD0603W1",54.140000,-51.599999,180.000000,top
"D102","NCD0603W1","NCD0603W1",56.679999,-51.599999,180.000000,top
"D103","NCD0603W1","NCD0603W1",59.220000,-51.599999,180.000000,top
"D104","NCD0603W1","NCD0603W1",61.760000,-51.599999,180.000000,top
"D105","NCD0603W1","NCD0603W1",64.300000,-51.599999,180.000000,top
"D106","NCD0603W1","NCD0603W1",66.840000,-51.599999,180.000000,top
"D107","NCD0603W1","NCD0603W1",69.380000,-51.599999,180.000000,top
"D108","NCD0603W1","NCD0603W1",71.920000,-51.599999,180.000000,top
"D109","NCD0603W1","NCD0603W1",74.460000,-51.599999,180.000000,top
"D110","NCD0603W1","NCD0603W1",77.000000,-51.599999,180.000000,top
"D111","NCD0603W1","NCD0603W1",79.539999,-51.599999,180.000000,top
"D112","NCD0603W1","NCD0603W1",82.080000,-51.599999,180.000000,top
"D113","NCD0603W1","NCD0603W1",84.620000,-51.599999,180.000000,top
"D114","NCD0603W1","NCD0603W1",87.160000,-51.599999,180.000000,top
"D115","NCD0603W1","NCD0603W1",89.699999,-51.599999,180.000000,top
"D116","NCD0603W1","NCD0603W1",92.240000,-51.599999,180.000000,top
"D117","NCD0603W1","NCD0603W1",94.780000,-51.599999,180.000000,top
"D118","NCD0603W1","NCD0603W1",97.320000,-51.599999,180.000000,top
"D119","NCD0603W1","NCD0603W1",99.860000,-51.599999,180.000000,top
"D120","NCD0603W1","NCD0603W1",102.400000,-51.599999,180.000000,top
"D121","NCD0603W1","NCD0603W1",104.940000,-51.599999,180.000000,top
"D122","NCD0603W1","NCD0603W1",107.479999,-51.599999,180.000000,top
"D123","NCD0603W1","NCD0603W1",110.020000,-51.599999,180.000000,top
"D124","NCD0603W1","NCD0603W1",112.560000,-51.599999,180.000000,top
"D125","NCD0603W1","NCD0603W1",115.100000,-51.599999,180.000000,top
"D126","NCD0603W1","NCD0603W1",117.639999,-51.599999,180.000000,top
"D127","NCD0603W1","NCD0603W1",120.180000,-51.599999,180.000000,top
"D128","NCD0603W1","NCD0603W1",122.720000,-51.599999,180.000000,top
"D129","NCD0603W1","NCD0603W1",43.980000,-54.140000,180.000000,top
"D130","NCD0603W1","NCD0603W1",46.519999,-54.140000,180.000000,top
"D131","NCD0603W1","NCD0603W1",49.059999,-54.140000,180.000000,top
"D132","NCD0603W1","NCD0603W1",51.599999,-54.140000,180.000000,top
"D133","NCD0603W1","NCD0603W1",54.140000,-54.140000,180.000000,top
"D134","NCD0603W1","NCD0603W1",56.679999,-54.140000,180.000000,top
"D135","NCD0603W1","NCD0603W1",59.220000,-54.140000,180.000000,top
"D136","NCD0603W1","NCD0603W1",61.760000,-54.140000,180.000000,top
"D137","NCD0603W1","NCD0603W1",64.300000,-54.140000,180.000000,top
"D138","NCD0603W1","NCD0603W1",66.840000,-54.140000,180.000000,top
"D139","NCD0603W1","NCD0603W1",69.380000,-54.140000,180.000000,top
"D140","NCD0603W1","NCD0603W1",71.920000,-54.140000,180.000000,top
"D141","NCD0603W1","NCD0603W1",74.460000,-54.140000,180.000000,top
"D142","NCD0603W1","NCD0603W1",77.000000,-54.140000,180.000000,top
"D143","NCD0603W1","NCD0603W1",79.539999,-54.140000,180.000000,top
"D144","NCD0603W1","NCD0603W1",82.080000,-54.140000,180.000000,top
"D145","NCD0603W1","NCD0603W1",84.620000,-54.140000,180.000000,top
"D146","NCD0603W1","NCD0603W1",87.160000,-54.140000,180.000000,top
"D147","NCD0603W1","NCD0603W1",89.699999,-54.140000,180.000000,top
"D148","NCD0603W1","NCD0603W1",92.240000,-54.140000,180.000000,top
"D149","NCD0603W1","NCD0603W1",94.780000,-54.140000,180.000000,top
"D150","NCD0603W1","NCD0603W1",97.320000,-54.140000,180.000000,top
"D151","NCD0603W1","NCD0603W1",99.860000,-54.140000,180.000000,top
"D152","NCD0603W1","NCD0603W1",102.400000,-54.140000,180.000000,top
"D153","NCD0603W1","NCD0603W1",104.940000,-54.140000,180.000000,top
"D154","NCD0603W1","NCD0603W1",107.479999,-54.140000,180.000000,top
"D155","NCD0603W1","NCD0603W1",110.020000,-54.140000,180.000000,top
"D156","NCD0603W1","NCD0603W1",112.560000,-54.140000,180.000000,top
"D157","NCD0603W1","NCD0603W1",115.100000,-54.140000,180.000000,top
"D158","NCD0603W1","NCD0603W1",117.639999,-54.140000,180.000000,top
"D159","NCD0603W1","NCD0603W1",120.180000,-54.140000,180.000000,top
"D160","NCD0603W1","NCD0603W1",122.720000,-54.140000,180.000000,top
"D161","NCD0603W1","NCD0603W1",43.980000,-56.679999,180.000000,top
"D162","NCD0603W1","NCD0603W1",46.519999,-56.679999,180.000000,top
"D163","NCD0603W1","NCD0603W1",49.059999,-56.679999,180.000000,top
"D164","NCD0603W1","NCD0603W1",51.599999,-56.679999,180.000000,top
"D165","NCD0603W1","NCD0603W1",54.140000,-56.679999,180.000000,top
"D166","NCD0603W1","NCD0603W1",56.679999,-56.679999,180.000000,top
"D167","NCD0603W1","NCD0603W1",59.220000,-56.679999,180.000000,top
"D168","NCD0603W1","NCD0603W1",61.760000,-56.679999,180.000000,top
"D169","NCD0603W1","NCD0603W1",64.300000,-56.679999,180.000000,top
"D170","NCD0603W1","NCD0603W1",66.840000,-56.679999,180.000000,top
"D171","NCD0603W1","NCD0603W1",69.380000,-56.679999,180.000000,top
"D172","NCD0603W1","NCD0603W1",71.920000,-56.679999,180.000000,top
"D173","NCD0603W1","NCD0603W1",74.460000,-56.679999,180.000000,top
"D174","NCD0603W1","NCD0603W1",77.000000,-56.679999,180.000000,top
"D175","NCD0603W1","NCD0603W1",79.539999,-56.679999,180.000000,top
"D176","NCD0603W1","NCD0603W1",82.080000,-56.679999,180.000000,top
"D177","NCD0603W1","NCD0603W1",84.620000,-56.679999,180.000000,top
"D178","NCD0603W1","NCD0603W1",87.160000,-56.679999,180.000000,top
"D179","NCD0603W1","NCD0603W1",89.699999,-56.679999,180.000000,top
"D180","NCD0603W1","NCD0603W1",92.240000,-56.679999,180.000000,top
"D181","NCD0603W1","NCD0603W1",94.780000,-56.679999,180.000000,top
"D182","NCD0603W1","NCD0603W1",97.320000,-56.679999,180.000000,top
"D183","NCD0603W1","NCD0603W1",99.860000,-56.679999,180.000000,top
"D184","NCD0603W1","NCD0603W1",102.400000,-56.679999,180.000000,top
"D185","NCD0603W1","NCD0603W1",104.940000,-56.679999,180.000000,top
"D186","NCD0603W1","NCD0603W1",107.479999,-56.679999,180.000000,top
"D187","NCD0603W1","NCD0603W1",110.020000,-56.679999,180.000000,top
"D188","NCD0603W1","NCD0603W1",112.560000,-56.679999,180.000000,top
"D189","NCD0603W1","NCD0603W1",115.100000,-56.679999,180.000000,top
"D190","NCD0603W1","NCD0603W1",117.639999,-56.679999,180.000000,top
"D191","NCD0603W1","NCD0603W1",120.180000,-56.679999,180.000000,top
"D192","NCD0603W1","NCD0603W1",122.720000,-56.679999,180.000000,top
"D193","NCD0603W1","NCD0603W1",43.980000,-59.220000,180.000000,top
"D194","NCD0603W1","NCD0603W1",46.519999,-59.220000,180.000000,top
"D195","NCD0603W1","NCD0603W1",49.059999,-59.220000,180.000000,top
"D196","NCD0603W1","NCD0603W1",51.599999,-59.220000,180.000000,top
"D197","NCD0603W1","NCD0603W1",54.140000,-59.220000,180.000000,top
"D198","NCD0603W1","NCD0603W1",56.679999,-59.220000,180.000000,top
"D199","NCD0603W1","NCD0603W1",59.220000,-59.220000,180.000000,top
"D200","NCD0603W1","NCD0603W1",61.760000,-59.220000,180.000000,top
"D201","NCD0603W1","NCD0603W1",64.300000,-59.220000,180.000000,top
"D202","NCD0603W1","NCD0603W1",66.840000,-59.220000,180.000000,top
"D203","NCD0603W1","NCD0603W1",69.380000,-59.220000,180.000000,top
"D204","NCD0603W1","NCD0603W1",71.920000,-59.220000,180.000000,top
"D205","NCD0603W1","NCD0603W1",74.460000,-59.220000,180.000000,top
"D206","NCD0603W1","NCD0603W1",77.000000,-59.220000,180.000000,top
"D207","NCD0603W1","NCD0603W1",79.539999,-59.220000,180.000000,top
"D208","NCD0603W1","NCD0603W1",82.080000,-59.220000,180.000000,top
"D209","NCD0603W1","NCD0603W1",84.620000,-59.220000,180.000000,top
"D210","NCD0603W1","NCD0603W1",87.160000,-59.220000,180.000000,top
"D211","NCD0603W1","NCD0603W1",89.699999,-59.220000,180.000000,top
"D212","NCD0603W1","NCD0603W1",92.240000,-59.220000,180.000000,top
"D213","NCD0603W1","NCD0603W1",94.780000,-59.220000,180.000000,top
"D214","NCD0603W1","NCD0603W1",97.320000,-59.220000,180.000000,top
"D215","NCD0603W1","NCD0603W1",99.860000,-59.220000,180.000000,top
"D216","NCD0603W1","NCD0603W1",102.400000,-59.220000,180.000000,top
"D217","NCD0603W1","NCD0603W1",104.940000,-59.220000,180.000000,top
"D218","NCD0603W1","NCD0603W1",107.479999,-59.220000,180.000000,top
"D219","NCD0603W1","NCD0603W1",110.020000,-59.220000,180.000000,top
"D220","NCD0603W1","NCD0603W1",112.560000,-59.220000,180.000000,top
"D221","NCD0603W1","NCD0603W1",115.100000,-59.220000,180.000000,top
"D222","NCD0603W1","NCD0603W1",117.639999,-59.220000,180.000000,top
"D223","NCD0603W1","NCD0603W1",120.180000,-59.220000,180.000000,top
"D224","NCD0603W1","NCD0603W1",122.720000,-59.220000,180.000000,top
"D225","NCD0603W1","NCD0603W1",43.980000,-61.760000,180.000000,top
"D226","NCD0603W1","NCD0603W1",46.519999,-61.760000,180.000000,top
"D227","NCD0603W1","NCD0603W1",49.059999,-61.760000,180.000000,top
"D228","NCD0603W1","NCD0603W1",51.599999,-61.760000,180.000000,top
"D229","NCD0603W1","NCD0603W1",54.140000,-61.760000,180.000000,top
"D230","NCD0603W1","NCD0603W1",56.679999,-61.760000,180.000000,top
"D231","NCD0603W1","NCD0603W1",59.220000,-61.760000,180.000000,top
"D232","NCD0603W1","NCD0603W1",61.760000,-61.760000,180.000000,top
"D233","NCD0603W1","NCD0603W1",64.300000,-61.760000,180.000000,top
"D234","NCD0603W1","NCD0603W1",66.840000,-61.760000,180.000000,top
"D235","NCD0603W1","NCD0603W1",69.380000,-61.760000,180.000000,top
"D236","NCD0603W1","NCD0603W1",71.920000,-61.760000,180.000000,top
"D237","NCD0603W1","NCD0603W1",74.460000,-61.760000,180.000000,top
"D238","NCD0603W1","NCD0603W1",77.000000,-61.760000,180.000000,top
"D239","NCD0603W1","NCD0603W1",79.539999,-61.760000,180.000000,top
"D240","NCD0603W1","NCD0603W1",82.080000,-61.760000,180.000000,top
"D241","NCD0603W1","NCD0603W1",84.620000,-61.760000,180.000000,top
"D242","NCD0603W1","NCD0603W1",87.160000,-61.760000,180.000000,top
"D243","NCD0603W1","NCD0603W1",89.699999,-61.760000,180.000000,top
"D244","NCD0603W1","NCD0603W1",92.240000,-61.760000,180.000000,top
"D245","NCD0603W1","NCD0603W1",94.780000,-61.760000,180.000000,top
"D246","NCD0603W1","NCD0603W1",97.320000,-61.760000,180.000000,top
"D247","NCD0603W1","NCD0603W1",99.860000,-61.760000,180.000000,top
"D248","NCD0603W1","NCD0603W1",102.400000,-61.760000,180.000000,top
"D249","NCD0603W1","NCD0603W1",104.940000,-61.760000,180.000000,top
"D250","NCD0603W1","NCD0603W1",107.479999,-61.760000,180.000000,top
"D251","NCD0603W1","NCD0603W1",110.020000,-61.760000,180.000000,top
"D252","NCD0603W1","NCD0603W1",112.560000,-61.760000,180.000000,top
"D253","NCD0603W1","NCD0603W1",115.100000,-61.760000,180.000000,top
"D254","NCD0603W1","NCD0603W1",117.639999,-61.760000,180.000000,top
"D255","NCD0603W1","NCD0603W1",120.180000,-61.760000,180.000000,top
"D256","NCD0603W1","NCD0603W1",122.720000,-61.760000,180.000000,top
"D257","NCD0603W1","NCD0603W1",43.980000,-64.300000,180.000000,top
"D258","NCD0603W1","NCD0603W1",46.519999,-64.300000,180.000000,top
"D259","NCD0603W1","NCD0603W1",49.059999,-64.300000,180.000000,top
"D260","NCD0603W1","NCD0603W1",51.599999,-64.300000,180.000000,top
"D261","NCD0603W1","NCD0603W1",54.140000,-64.300000,180.000000,top
"D262","NCD0603W1","NCD0603W1",56.679999,-64.300000,180.000000,top
"D263","NCD0603W1","NCD0603W1",59.220000,-64.300000,180.000000,top
"D264","NCD0603W1","NCD0603W1",61.760000,-64.300000,180.000000,top
"D265","NCD0603W1","NCD0603W1",64.300000,-64.300000,180.000000,top
"D266","NCD0603W1","NCD0603W1",66.840000,-64.300000,180.000000,top
"D267","NCD0603W1","NCD0603W1",69.380000,-64.300000,180.000000,top
"D268","NCD0603W1","NCD0603W1",71.920000,-64.300000,180.000000,top
"D269","NCD0603W1","NCD0603W1",74.460000,-64.300000,180.000000,top
"D270","NCD0603W1","NCD0603W1",77.000000,-64.300000,180.000000,top
"D271","NCD0603W1","NCD0603W1",79.539999,-64.300000,180.000000,top
"D272","NCD0603W1","NCD0603W1",82.080000,-64.300000,180.000000,top
"D273","NCD0603W1","NCD0603W1",84.620000,-64.300000,180.000000,top
"D274","NCD0603W1","NCD0603W1",87.160000,-64.300000,180.000000,top
"D275","NCD0603W1","NCD0603W1",89.699999,-64.300000,180.000000,top
"D276","NCD0603W1","NCD0603W1",92.240000,-64.300000,180.000000,top
"D277","NCD0603W1","NCD0603W1",94.780000,-64.300000,180.000000,top
"D278","NCD0603W1","NCD0603W1",97.320000,-64.300000,180.000000,top
"D279","NCD0603W1","NCD0603W1",99.860000,-64.300000,180.000000,top
"D280","NCD0603W1","NCD0603W1",102.400000,-64.300000,180.000000,top
"D281","NCD0603W1","NCD0603W1",104.940000,-64.300000,180.000000,top
"D282","NCD0603W1","NCD0603W1",107.479999,-64.300000,180.000000,top
"D283","NCD0603W1","NCD0603W1",110.020000,-64.300000,180.000000,top
"D284","NCD0603W1","NCD0603W1",112.560000,-64.300000,180.000000,top
"D285","NCD0603W1","NCD0603W1",115.100000,-64.300000,180.000000,top
"D286","NCD0603W1","NCD0603W1",117.639999,-64.300000,180.000000,top
"D287","NCD0603W1","NCD0603W1",120.180000,-64.300000,180.000000,top
"D288","NCD0603W1","NCD0603W1",122.720000,-64.300000,180.000000,top
"D289","NCD0603W1","NCD0603W1",43.980000,-66.840000,180.000000,top
"D290","NCD0603W1","NCD0603W1",46.519999,-66.840000,180.000000,top
"D291","NCD0603W1","NCD0603W1",49.059999,-66.840000,180.000000,top
"D292","NCD0603W1","NCD0603W1",51.599999,-66.840000,180.000000,top
"D293","NCD0603W1","NCD0603W1",54.140000,-66.840000,180.000000,top
"D294","NCD0603W1","NCD0603W1",56.679999,-66.840000,180.000000,top
"D295","NCD0603W1","NCD0603W1",59.220000,-66.840000,180.000000,top
"D296","NCD0603W1","NCD0603W1",61.760000,-66.840000,180.000000,top
"D297","NCD0603W1","NCD0603W1",64.300000,-66.840000,180.000000,top
"D298","NCD0603W1","NCD0603W1",66.840000,-66.840000,180.000000,top
"D299","NCD0603W1","NCD0603W1",69.380000,-66.840000,180.000000,top
"D300","NCD0603W1","NCD0603W1",71.920000,-66.840000,180.000000,top
"D301","NCD0603W1","NCD0603W1",74.460000,-66.840000,180.000000,top
"D302","NCD0603W1","NCD0603W1",77.000000,-66.840000,180.000000,top
"D303","NCD0603W1","NCD0603W1",79.539999,-66.840000,180.000000,top
"D304","NCD0603W1","NCD0603W1",82.080000,-66.840000,180.000000,top
"D305","NCD0603W1","NCD0603W1",84.620000,-66.840000,180.000000,top
"D306","NCD0603W1","NCD0603W1",87.160000,-66.840000,180.000000,top
"D307","NCD0603W1","NCD0603W1",89.699999,-66.840000,180.000000,top
"D308","NCD0603W1","NCD0603W1",92.240000,-66.840000,180.000000,top
"D309","NCD0603W1","NCD0603W1",94.780000,-66.840000,180.000000,top
"D310","NCD0603W1","NCD0603W1",97.320000,-66.840000,180.000000,top
"D311","NCD0603W1","NCD0603W1",99.860000,-66.840000,180.000000,top
"D312","NCD0603W1","NCD0603W1",102.400000,-66.840000,180.000000,top
"D313","NCD0603W1","NCD0603W1",104.940000,-66.840000,180.000000,top
"D314","NCD0603W1","NCD0603W1",107.479999,-66.840000,180.000000,top
"D315","NCD0603W1","NCD0603W1",110.020000,-66.840000,180.000000,top
"D316","NCD0603W1","NCD0603W1",112.560000,-66.840000,180.000000,top
"D317","NCD0603W1","NCD0603W1",115.100000,-66.840000,180.000000,top
"D318","NCD0603W1","NCD0603W1",117.639999,-66.840000,180.000000,top
"D319","NCD0603W1","NCD0603W1",120.180000,-66.840000,180.000000,top
"D320","NCD0603W1","NCD0603W1",122.720000,-66.840000,180.000000,top
"D321","NCD0603W1","NCD0603W1",43.980000,-69.380000,180.000000,top
"D322","NCD0603W1","NCD0603W1",46.519999,-69.380000,180.000000,top
"D323","NCD0603W1","NCD0603W1",49.059999,-69.380000,180.000000,top
"D324","NCD0603W1","NCD0603W1",51.599999,-69.380000,180.000000,top
"D325","NCD0603W1","NCD0603W1",54.140000,-69.380000,180.000000,top
"D326","NCD0603W1","NCD0603W1",56.679999,-69.380000,180.000000,top
"D327","NCD0603W1","NCD0603W1",59.220000,-69.380000,180.000000,top
"D328","NCD0603W1","NCD0603W1",61.760000,-69.380000,180.000000,top
"D329","NCD0603W1","NCD0603W1",64.300000,-69.380000,180.000000,top
"D330","NCD0603W1","NCD0603W1",66.840000,-69.380000,180.000000,top
"D331","NCD0603W1","NCD0603W1",69.380000,-69.380000,180.000000,top
"D332","NCD0603W1","NCD0603W1",71.920000,-69.380000,180.000000,top
"D333","NCD0603W1","NCD0603W1",74.460000,-69.380000,180.000000,top
"D334","NCD0603W1","NCD0603W1",77.000000,-69.380000,180.000000,top
"D335","NCD0603W1","NCD0603W1",79.539999,-69.380000,180.000000,top
"D336","NCD0603W1","NCD0603W1",82.080000,-69.380000,180.000000,top
"D337","NCD0603W1","NCD0603W1",84.620000,-69.380000,180.000000,top
"D338","NCD0603W1","NCD0603W1",87.160000,-69.380000,180.000000,top
"D339","NCD0603W1","NCD0603W1",89.699999,-69.380000,180.000000,top
"D340","NCD0603W1","NCD0603W1",92.240000,-69.380000,180.000000,top
"D341","NCD0603W1","NCD0603W1",94.780000,-69.380000,180.000000,top
"D342","NCD0603W1","NCD0603W1",97.320000,-69.380000,180.000000,top
"D343","NCD0603W1","NCD0603W1",99.860000,-69.380000,180.000000,top
"D344","NCD0603W1","NCD0603W1",102.400000,-69.380000,180.000000,top
"D345","NCD0603W1","NCD0603W1",104.940000,-69.380000,180.000000,top
"D346","NCD0603W1","NCD0603W1",107.479999,-69.380000,180.000000,top
"D347","NCD0603W1","NCD0603W1",110.020000,-69.380000,180.000000,top
"D348","NCD0603W1","NCD0603W1",112.560000,-69.380000,180.000000,top
"D349","NCD0603W1","NCD0603W1",115.100000,-69.380000,180.000000,top
"D350","NCD0603W1","NCD0603W1",117.639999,-69.380000,180.000000,top
"D351","NCD0603W1","NCD0603W1",120.180000,-69.380000,180.000000,top
"D352","NCD0603W1","NCD0603W1",122.720000,-69.380000,180.000000,top
"D353","NCD0603W1","NCD0603W1",43.980000,-71.920000,180.000000,top
"D354","NCD0603W1","NCD0603W1",46.519999,-71.920000,180.000000,top
"D355","NCD0603W1","NCD0603W1",49.059999,-71.920000,180.000000,top
"D356","NCD0603W1","NCD0603W1",51.599999,-71.920000,180.000000,top
"D357","NCD0603W1","NCD0603W1",54.140000,-71.920000,180.000000,top
"D358","NCD0603W1","NCD0603W1",56.679999,-71.920000,180.000000,top
"D359","NCD0603W1","NCD0603W1",59.220000,-71.920000,180.000000,top
"D360","NCD0603W1","NCD0603W1",61.760000,-71.920000,180.000000,top
"D361","NCD0603W1","NCD0603W1",64.300000,-71.920000,180.000000,top
"D362","NCD0603W1","NCD0603W1",66.840000,-71.920000,180.000000,top
"D363","NCD0603W1","NCD0603W1",69.380000,-71.920000,180.000000,top
"D364","NCD0603W1","NCD0603W1",71.920000,-71.920000,180.000000,top
"D365","NCD0603W1","NCD0603W1",74.460000,-71.920000,180.000000,top
"D366","NCD0603W1","NCD0603W1",77.000000,-71.920000,180.000000,top
"D367","NCD0603W1","NCD0603W1",79.539999,-71.920000,180.000000,top
"D368","NCD0603W1","NCD0603W1",82.080000,-71.920000,180.000000,top
"D369","NCD0603W1","NCD0603W1",84.620000,-71.920000,180.000000,top
"D370","NCD0603W1","NCD0603W1",87.160000,-71.920000,180.000000,top
"D371","NCD0603W1","NCD0603W1",89.699999,-71.920000,180.000000,top
"D372","NCD0603W1","NCD0603W1",92.240000,-71.920000,180.000000,top
"D373","NCD0603W1","NCD0603W1",94.780000,-71.920000,180.000000,top
"D374","NCD0603W1","NCD0603W1",97.320000,-71.920000,180.000000,top
"D375","NCD0603W1","NCD0603W1",99.860000,-71.920000,180.000000,top
"D376","NCD0603W1","NCD0603W1",102.400000,-71.920000,180.000000,top
"D377","NCD0603W1","NCD0603W1",104.940000,-71.920000,180.000000,top
"D378","NCD0603W1","NCD0603W1",107.479999,-71.920000,180.000000,top
"D379","NCD0603W1","NCD0603W1",110.020000,-71.920000,180.000000,top
"D380","NCD0603W1","NCD0603W1",112.560000,-71.920000,180.000000,top
"D381","NCD0603W1","NCD0603W1",115.100000,-71.920000,180.000000,top
"D382","NCD0603W1","NCD0603W1",117.639999,-71.920000,180.000000,top
"D383","NCD0603W1","NCD0603W1",120.180000,-71.920000,180.000000,top
"D384","NCD0603W1","NCD0603W1",122.720000,-71.920000,180.000000,top
"D385","NCD0603W1","NCD0603W1",43.980000,-74.460000,180.000000,top
"D386","NCD0603W1","NCD0603W1",46.519999,-74.460000,180.000000,top
"D387","NCD0603W1","NCD0603W1",49.059999,-74.460000,180.000000,top
"D388","NCD0603W1","NCD0603W1",51.599999,-74.460000,180.000000,top
"D389","NCD0603W1","NCD0603W1",54.140000,-74.460000,180.000000,top
"D390","NCD0603W1","NCD0603W1",56.679999,-74.460000,180.000000,top
"D391","NCD0603W1","NCD0603W1",59.220000,-74.460000,180.000000,top
"D392","NCD0603W1","NCD0603W1",61.760000,-74.460000,180.000000,top
"D393","NCD0603W1","NCD0603W1",64.300000,-74.460000,180.000000,top
"D394","NCD0603W1","NCD0603W1",66.840000,-74.460000,180.000000,top
"D395","NCD0603W1","NCD0603W1",69.380000,-74.460000,180.000000,top
"D396","NCD0603W1","NCD0603W1",71.920000,-74.460000,180.000000,top
"D397","NCD0603W1","NCD0603W1",74.460000,-74.460000,180.000000,top
"D398","NCD0603W1","NCD0603W1",77.000000,-74.460000,180.000000,top
"D399","NCD0603W1","NCD0603W1",79.539999,-74.460000,180.000000,top
"D400","NCD0603W1","NCD0603W1",82.080000,-74.460000,180.000000,top
"D401","NCD0603W1","NCD0603W1",84.620000,-74.460000,180.000000,top
"D402","NCD0603W1","NCD0603W1",87.160000,-74.460000,180.000000,top
"D403","NCD0603W1","NCD0603W1",89.699999,-74.460000,180.000000,top
"D404","NCD0603W1","NCD0603W1",92.240000,-74.460000,180.000000,top
"D405","NCD0603W1","NCD0603W1",94.780000,-74.460000,180.000000,top
"D406","NCD0603W1","NCD0603W1",97.320000,-74.460000,180.000000,top
"D407","NCD0603W1","NCD0603W1",99.860000,-74.460000,180.000000,top
"D408","NCD0603W1","NCD0603W1",102.400000,-74.460000,180.000000,top
"D409","NCD0603W1","NCD0603W1",104.940000,-74.460000,180.000000,top
"D410","NCD0603W1","NCD0603W1",107.479999,-74.460000,180.000000,top
"D411","NCD0603W1","NCD0603W1",110.020000,-74.460000,180.000000,top
"D412","NCD0603W1","NCD0603W1",112.560000,-74.460000,180.000000,top
"D413","NCD0603W1","NCD0603W1",115.100000,-74.460000,180.000000,top
"D414","NCD0603W1","NCD0603W1",117.639999,-74.460000,180.000000,top
"D415","NCD0603W1","NCD0603W1",120.180000,-74.460000,180.000000,top
"D416","NCD0603W1","NCD0603W1",122.720000,-74.460000,180.000000,top
"D417","NCD0603W1","NCD0603W1",43.980000,-77.000000,180.000000,top
"D418","NCD0603W1","NCD0603W1",46.519999,-77.000000,180.000000,top
"D419","NCD0603W1","NCD0603W1",49.059999,-77.000000,180.000000,top
"D420","NCD0603W1","NCD0603W1",51.599999,-77.000000,180.000000,top
"D421","NCD0603W1","NCD0603W1",54.140000,-77.000000,180.000000,top
"D422","NCD0603W1","NCD0603W1",56.679999,-77.000000,180.000000,top
"D423","NCD0603W1","NCD0603W1",59.220000,-77.000000,180.000000,top
"D424","NCD0603W1","NCD0603W1",61.760000,-77.000000,180.000000,top
"D425","NCD0603W1","NCD0603W1",64.300000,-77.000000,180.000000,top
"D426","NCD0603W1","NCD0603W1",66.840000,-77.000000,180.000000,top
"D427","NCD0603W1","NCD0603W1",69.380000,-77.000000,180.000000,top
"D428","NCD0603W1","NCD0603W1",71.920000,-77.000000,180.000000,top
"D429","NCD0603W1","NCD0603W1",74.460000,-77.000000,180.000000,top
"D430","NCD0603W1","NCD0603W1",77.000000,-77.000000,180.000000,top
"D431","NCD0603W1","NCD0603W1",79.539999,-77.000000,180.000000,top
"D432","NCD0603W1","NCD0603W1",82.080000,-77.000000,180.000000,top
"D433","NCD0603W1","NCD0603W1",84.620000,-77.000000,180.000000,top
"D434","NCD0603W1","NCD0603W1",87.160000,-77.000000,180.000000,top
"D435","NCD0603W1","NCD0603W1",89.699999,-77.000000,180.000000,top
"D436","NCD0603W1","NCD0603W1",92.240000,-77.000000,180.000000,top
"D437","NCD0603W1","NCD0603W1",94.780000,-77.000000,180.000000,top
"D438","NCD0603W1","NCD0603W1",97.320000,-77.000000,180.000000,top
"D439","NCD0603W1","NCD0603W1",99.860000,-77.000000,180.000000,top
"D440","NCD0603W1","NCD0603W1",102.400000,-77.000000,180.000000,top
"D441","NCD0603W1","NCD0603W1",104.940000,-77.000000,180.000000,top
"D442","NCD0603W1","NCD0603W1",107.479999,-77.000000,180.000000,top
"D443","NCD0603W1","NCD0603W1",110.020000,-77.000000,180.000000,top
"D444","NCD0603W1","NCD0603W1",112.560000,-77.000000,180.000000,top
"D445","NCD0603W1","NCD0603W1",115.100000,-77.000000,180.000000,top
"D446","NCD0603W1","NCD0603W1",117.639999,-77.000000,180.000000,top
"D447","NCD0603W1","NCD0603W1",120.180000,-77.000000,180.000000,top
"D448","NCD0603W1","NCD0603W1",122.720000,-77.000000,180.000000,top
"D449","NCD0603W1","NCD0603W1",43.980000,-79.539999,180.000000,top
"D450","NCD0603W1","NCD0603W1",46.519999,-79.539999,180.000000,top
"D451","NCD0603W1","NCD0603W1",49.059999,-79.539999,180.000000,top
"D452","NCD0603W1","NCD0603W1",51.599999,-79.539999,180.000000,top
"D453","NCD0603W1","NCD0603W1",54.140000,-79.539999,180.000000,top
"D454","NCD0603W1","NCD0603W1",56.679999,-79.539999,180.000000,top
"D455","NCD0603W1","NCD0603W1",59.220000,-79.539999,180.000000,top
"D456","NCD0603W1","NCD0603W1",61.760000,-79.539999,180.000000,top
"D457","NCD0603W1","NCD0603W1",64.300000,-79.539999,180.000000,top
"D458","NCD0603W1","NCD0603W1",66.840000,-79.539999,180.000000,top
"D459","NCD0603W1","NCD0603W1",69.380000,-79.539999,180.000000,top
"D460","NCD0603W1","NCD0603W1",71.920000,-79.539999,180.000000,top
"D461","NCD0603W1","NCD0603W1",74.460000,-79.539999,180.000000,top
"D462","NCD0603W1","NCD0603W1",77.000000,-79.539999,180.000000,top
"D463","NCD0603W1","NCD0603W1",79.539999,-79.539999,180.000000,top
"D464","NCD0603W1","NCD0603W1",82.080000,-79.539999,180.000000,top
"D465","NCD0603W1","NCD0603W1",84.620000,-79.539999,180.000000,top
"D466","NCD0603W1","NCD0603W1",87.160000,-79.539999,180.000000,top
"D467","NCD0603W1","NCD0603W1",89.699999,-79.539999,180.000000,top
"D468","NCD0603W1","NCD0603W1",92.240000,-79.539999,180.000000,top
"D469","NCD0603W1","NCD0603W1",94.780000,-79.539999,180.000000,top
"D470","NCD0603W1","NCD0603W1",97.320000,-79.539999,180.000000,top
"D471","NCD0603W1","NCD0603W1",99.860000,-79.539999,180.000000,top
"D472","NCD0603W1","NCD0603W1",102.400000,-79.539999,180.000000,top
"D473","NCD0603W1","NCD0603W1",104.940000,-79.539999,180.000000,top
"D474","NCD0603W1","NCD0603W1",107.479999,-79.539999,180.000000,top
"D475","NCD0603W1","NCD0603W1",110.020000,-79.539999,180.000000,top
"D476","NCD0603W1","NCD0603W1",112.560000,-79.539999,180.000000,top
"D477","NCD0603W1","NCD0603W1",115.100000,-79.539999,180.000000,top
"D478","NCD0603W1","NCD0603W1",117.639999,-79.539999,180.000000,top
"D479","NCD0603W1","NCD0603W1",120.180000,-79.539999,180.000000,top
"D480","NCD0603W1","NCD0603W1",122.720000,-79.539999,180.000000,top
"D481","NCD0603W1","NCD0603W1",43.980000,-82.080000,180.000000,top
"D482","NCD0603W1","NCD0603W1",46.519999,-82.080000,180.000000,top
"D483","NCD0603W1","NCD0603W1",49.059999,-82.080000,180.000000,top
"D484","NCD0603W1","NCD0603W1",51.599999,-82.080000,180.000000,top
"D485","NCD0603W1","NCD0603W1",54.140000,-82.080000,180.000000,top
"D486","NCD0603W1","NCD0603W1",56.679999,-82.080000,180.000000,top
"D487","NCD0603W1","NCD0603W1",59.220000,-82.080000,180.000000,top
"D488","NCD0603W1","NCD0603W1",61.760000,-82.080000,180.000000,top
"D489","NCD0603W1","NCD0603W1",64.300000,-82.080000,180.000000,top
"D490","NCD0603W1","NCD0603W1",66.840000,-82.080000,180.000000,top
"D491","NCD0603W1","NCD0603W1",69.380000,-82.080000,180.000000,top
"D492","NCD0603W1","NCD0603W1",71.920000,-82.080000,180.000000,top
"D493","NCD0603W1","NCD0603W1",74.460000,-82.080000,180.000000,top
"D494","NCD0603W1","NCD0603W1",77.000000,-82.080000,180.000000,top
"D495","NCD0603W1","NCD0603W1",79.539999,-82.080000,180.000000,top
"D496","NCD0603W1","NCD0603W1",82.080000,-82.080000,180.000000,top
"D497","NCD0603W1","NCD0603W1",84.620000,-82.080000,180.000000,top
"D498","NCD0603W1","NCD0603W1",87.160000,-82.080000,180.000000,top
"D499","NCD0603W1","NCD0603W1",89.699999,-82.080000,180.000000,top
"D500","NCD0603W1","NCD0603W1",92.240000,-82.080000,180.000000,top
"D501","NCD0603W1","NCD0603W1",94.780000,-82.080000,180.000000,top
"D502","NCD0603W1","NCD0603W1",97.320000,-82.080000,180.000000,top
"D503","NCD0603W1","NCD0603W1",99.860000,-82.080000,180.000000,top
"D504","NCD0603W1","NCD0603W1",102.400000,-82.080000,180.000000,top
"D505","NCD0603W1","NCD0603W1",104.940000,-82.080000,180.000000,top
"D506","NCD0603W1","NCD0603W1",107.479999,-82.080000,180.000000,top
"D507","NCD0603W1","NCD0603W1",110.020000,-82.080000,180.000000,top
"D508","NCD0603W1","NCD0603W1",112.560000,-82.080000,180.000000,top
"D509","NCD0603W1","NCD0603W1",115.100000,-82.080000,180.000000,top
"D510","NCD0603W1","NCD0603W1",117.639999,-82.080000,180.000000,top
"D511","NCD0603W1","NCD0603W1",120.180000,-82.080000,180.000000,top
"D512","NCD0603W1","NCD0603W1",122.720000,-82.080000,180.000000,top
"D513","NCD0603W1","NCD0603W1",43.980000,-84.620000,180.000000,top
"D514","NCD0603W1","NCD0603W1",46.519999,-84.620000,180.000000,top
"D515","NCD0603W1","NCD0603W1",49.059999,-84.620000,180.000000,top
"D516","NCD0603W1","NCD0603W1",51.599999,-84.620000,180.000000,top
"D517","NCD0603W1","NCD0603W1",54.140000,-84.620000,180.000000,top
"D518","NCD0603W1","NCD0603W1",56.679999,-84.620000,180.000000,top
"D519","NCD0603W1","NCD0603W1",59.220000,-84.620000,180.000000,top
"D520","NCD0603W1","NCD0603W1",61.760000,-84.620000,180.000000,top
"D521","NCD0603W1","NCD0603W1",64.300000,-84.620000,180.000000,top
"D522","NCD0603W1","NCD0603W1",66.840000,-84.620000,180.000000,top
"D523","NCD0603W1","NCD0603W1",69.380000,-84.620000,180.000000,top
"D524","NCD0603W1","NCD0603W1",71.920000,-84.620000,180.000000,top
"D525","NCD0603W1","NCD0603W1",74.460000,-84.620000,180.000000,top
"D526","NCD0603W1","NCD0603W1",77.000000,-84.620000,180.000000,top
"D527","NCD0603W1","NCD0603W1",79.539999,-84.620000,180.000000,top
"D528","NCD0603W1","NCD0603W1",82.080000,-84.620000,180.000000,top
"D529","NCD0603W1","NCD0603W1",84.620000,-84.620000,180.000000,top
"D530","NCD0603W1","NCD0603W1",87.160000,-84.620000,180.000000,top
"D531","NCD0603W1","NCD0603W1",89.699999,-84.620000,180.000000,top
"D532","NCD0603W1","NCD0603W1",92.240000,-84.620000,180.000000,top
"D533","NCD0603W1","NCD0603W1",94.780000,-84.620000,180.000000,top
"D534","NCD0603W1","NCD0603W1",97.320000,-84.620000,180.000000,top
"D535","NCD0603W1","NCD0603W1",99.860000,-84.620000,180.000000,top
"D536","NCD0603W1","NCD0603W1",102.400000,-84.620000,180.000000,top
"D537","NCD0603W1","NCD0603W1",104.940000,-84.620000,180.000000,top
"D538","NCD0603W1","NCD0603W1",107.479999,-84.620000,180.000000,top
"D539","NCD0603W1","NCD0603W1",110.020000,-84.620000,180.000000,top
"D540","NCD0603W1","NCD0603W1",112.560000,-84.620000,180.000000,top
"D541","NCD0603W1","NCD0603W1",115.100000,-84.620000,180.000000,top
"D542","NCD0603W1","NCD0603W1",117.639999,-84.620000,180.000000,top
"D543","NCD0603W1","NCD0603W1",120.180000,-84.620000,180.000000,top
"D544","NCD0603W1","NCD0603W1",122.720000,-84.620000,180.000000,top
"D545","NCD0603W1","NCD0603W1",43.980000,-87.160000,180.000000,top
"D546","NCD0603W1","NCD0603W1",46.519999,-87.160000,180.000000,top
"D547","NCD0603W1","NCD0603W1",49.059999,-87.160000,180.000000,top
"D548","NCD0603W1","NCD0603W1",51.599999,-87.160000,180.000000,top
"D549","NCD0603W1","NCD0603W1",54.140000,-87.160000,180.000000,top
"D550","NCD0603W1","NCD0603W1",56.679999,-87.160000,180.000000,top
"D551","NCD0603W1","NCD0603W1",59.220000,-87.160000,180.000000,top
"D552","NCD0603W1","NCD0603W1",61.760000,-87.160000,180.000000,top
"D553","NCD0603W1","NCD0603W1",64.300000,-87.160000,180.000000,top
"D554","NCD0603W1","NCD0603W1",66.840000,-87.160000,180.000000,top
"D555","NCD0603W1","NCD0603W1",69.380000,-87.160000,180.000000,top
"D556","NCD0603W1","NCD0603W1",71.920000,-87.160000,180.000000,top
"D557","NCD0603W1","NCD0603W1",74.460000,-87.160000,180.000000,top
"D558","NCD0603W1","NCD0603W1",77.000000,-87.160000,180.000000,top
"D559","NCD0603W1","NCD0603W1",79.539999,-87.160000,180.000000,top
"D560","NCD0603W1","NCD0603W1",82.080000,-87.160000,180.000000,top
"D561","NCD0603W1","NCD0603W1",84.620000,-87.160000,180.000000,top
"D562","NCD0603W1","NCD0603W1",87.160000,-87.160000,180.000000,top
"D563","NCD0603W1","NCD0603W1",89.699999,-87.160000,180.000000,top
"D564","NCD0603W1","NCD0603W1",92.240000,-87.160000,180.000000,top
"D565","NCD0603W1","NCD0603W1",94.780000,-87.160000,180.000000,top
"D566","NCD0603W1","NCD0603W1",97.320000,-87.160000,180.000000,top
"D567","NCD0603W1","NCD0603W1",99.860000,-87.160000,180.000000,top
"D568","NCD0603W1","NCD0603W1",102.400000,-87.160000,180.000000,top
"D569","NCD0603W1","NCD0603W1",104.940000,-87.160000,180.000000,top
"D570","NCD0603W1","NCD0603W1",107.479999,-87.160000,180.000000,top
"D571","NCD0603W1","NCD0603W1",110.020000,-87.160000,180.000000,top
"D572","NCD0603W1","NCD0603W1",112.560000,-87.160000,180.000000,top
"D573","NCD0603W1","NCD0603W1",115.100000,-87.160000,180.000000,top
"D574","NCD0603W1","NCD0603W1",117.639999,-87.160000,180.000000,top
"D575","NCD0603W1","NCD0603W1",120.180000,-87.160000,180.000000,top
"D576","NCD0603W1","NCD0603W1",122.720000,-87.160000,180.000000,top
"D577","NCD0603W1","NCD0603W1",43.980000,-89.699999,180.000000,top
"D578","NCD0603W1","NCD0603W1",46.519999,-89.699999,180.000000,top
"D579","NCD0603W1","NCD0603W1",49.059999,-89.699999,180.000000,top
"D580","NCD0603W1","NCD0603W1",51.599999,-89.699999,180.000000,top
"D581","NCD0603W1","NCD0603W1",54.140000,-89.699999,180.000000,top
"D582","NCD0603W1","NCD0603W1",56.679999,-89.699999,180.000000,top
"D583","NCD0603W1","NCD0603W1",59.220000,-89.699999,180.000000,top
"D584","NCD0603W1","NCD0603W1",61.760000,-89.699999,180.000000,top
"D585","NCD0603W1","NCD0603W1",64.300000,-89.699999,180.000000,top
"D586","NCD0603W1","NCD0603W1",66.840000,-89.699999,180.000000,top
"D587","NCD0603W1","NCD0603W1",69.380000,-89.699999,180.000000,top
"D588","NCD0603W1","NCD0603W1",71.920000,-89.699999,180.000000,top
"D589","NCD0603W1","NCD0603W1",74.460000,-89.699999,180.000000,top
"D590","NCD0603W1","NCD0603W1",77.000000,-89.699999,180.000000,top
"D591","NCD0603W1","NCD0603W1",79.539999,-89.699999,180.000000,top
"D592","NCD0603W1","NCD0603W1",82.080000,-89.699999,180.000000,top
"D593","NCD0603W1","NCD0603W1",84.620000,-89.699999,180.000000,top
"D594","NCD0603W1","NCD0603W1",87.160000,-89.699999,180.000000,top
"D595","NCD0603W1","NCD0603W1",89.699999,-89.699999,180.000000,top
"D596","NCD0603W1","NCD0603W1",92.240000,-89.699999,180.000000,top
"D597","NCD0603W1","NCD0603W1",94.780000,-89.699999,180.000000,top
"D598","NCD0603W1","NCD0603W1",97.320000,-89.699999,180.000000,top
"D599","NCD0603W1","NCD0603W1",99.860000,-89.699999,180.000000,top
"D600","NCD0603W1","NCD0603W1",102.400000,-89.699999,180.000000,top
"D601","NCD0603W1","NCD0603W1",104.940000,-89.699999,180.000000,top
"D602","NCD0603W1","NCD0603W1",107.479999,-89.699999,180.000000,top
"D603","NCD0603W1","NCD0603W1",110.020000,-89.699999,180.000000,top
"D604","NCD0603W1","NCD0603W1",112.560000,-89.699999,180.000000,top
"D605","NCD0603W1","NCD0603W1",115.100000,-89.699999,180.000000,top
"D606","NCD0603W1","NCD0603W1",117.639999,-89.699999,180.000000,top
"D607","NCD0603W1","NCD0603W1",120.180000,-89.699999,180.000000,top
"D608","NCD0603W1","NCD0603W1",122.720000,-89.699999,180.000000,top
"D609","NCD0603W1","NCD0603W1",43.980000,-92.240000,180.000000,top
"D610","NCD0603W1","NCD0603W1",46.519999,-92.240000,180.000000,top
"D611","NCD0603W1","NCD0603W1",49.059999,-92.240000,180.000000,top
"D612","NCD0603W1","NCD0603W1",51.599999,-92.240000,180.000000,top
"D613","NCD0603W1","NCD0603W1",54.140000,-92.240000,180.000000,top
"D614","NCD0603W1","NCD0603W1",56.679999,-92.240000,180.000000,top
"D615","NCD0603W1","NCD0603W1",59.220000,-92.240000,180.000000,top
"D616","NCD0603W1","NCD0603W1",61.760000,-92.240000,180.000000,top
"D617","NCD0603W1","NCD0603W1",64.300000,-92.240000,180.000000,top
"D618","NCD0603W1","NCD0603W1",66.840000,-92.240000,180.000000,top
"D619","NCD0603W1","NCD0603W1",69.380000,-92.240000,180.000000,top
"D620","NCD0603W1","NCD0603W1",71.920000,-92.240000,180.000000,top
"D621","NCD0603W1","NCD0603W1",74.460000,-92.240000,180.000000,top
"D622","NCD0603W1","NCD0603W1",77.000000,-92.240000,180.000000,top
"D623","NCD0603W1","NCD0603W1",79.539999,-92.240000,180.000000,top
"D624","NCD0603W1","NCD0603W1",82.080000,-92.240000,180.000000,top
"D625","NCD0603W1","NCD0603W1",84.620000,-92.240000,180.000000,top
"D626","NCD0603W1","NCD0603W1",87.160000,-92.240000,180.000000,top
"D627","NCD0603W1","NCD0603W1",89.699999,-92.240000,180.000000,top
"D628","NCD0603W1","NCD0603W1",92.240000,-92.240000,180.000000,top
"D629","NCD0603W1","NCD0603W1",94.780000,-92.240000,180.000000,top
"D630","NCD0603W1","NCD0603W1",97.320000,-92.240000,180.000000,top
"D631","NCD0603W1","NCD0603W1",99.860000,-92.240000,180.000000,top
"D632","NCD0603W1","NCD0603W1",102.400000,-92.240000,180.000000,top
"D633","NCD0603W1","NCD0603W1",104.940000,-92.240000,180.000000,top
"D634","NCD0603W1","NCD0603W1",107.479999,-92.240000,180.000000,top
"D635","NCD0603W1","NCD0603W1",110.020000,-92.240000,180.000000,top
"D636","NCD0603W1","NCD0603W1",112.560000,-92.240000,180.000000,top
"D637","NCD0603W1","NCD0603W1",115.100000,-92.240000,180.000000,top
"D638","NCD0603W1","NCD0603W1",117.639999,-92.240000,180.000000,top
"D639","NCD0603W1","NCD0603W1",120.180000,-92.240000,180.000000,top
"D640","NCD0603W1","NCD0603W1",122.720000,-92.240000,180.000000,top
"D641","NCD0603W1","NCD0603W1",43.980000,-94.780000,180.000000,top
"D642","NCD0603W1","NCD0603W1",46.519999,-94.780000,180.000000,top
"D643","NCD0603W1","NCD0603W1",49.059999,-94.780000,180.000000,top
"D644","NCD0603W1","NCD0603W1",51.599999,-94.780000,180.000000,top
"D645","NCD0603W1","NCD0603W1",54.140000,-94.780000,180.000000,top
"D646","NCD0603W1","NCD0603W1",56.679999,-94.780000,180.000000,top
"D647","NCD0603W1","NCD0603W1",59.220000,-94.780000,180.000000,top
"D648","NCD0603W1","NCD0603W1",61.760000,-94.780000,180.000000,top
"D649","NCD0603W1","NCD0603W1",64.300000,-94.780000,180.000000,top
"D650","NCD0603W1","NCD0603W1",66.840000,-94.780000,180.000000,top
"D651","NCD0603W1","NCD0603W1",69.380000,-94.780000,180.000000,top
"D652","NCD0603W1","NCD0603W1",71.920000,-94.780000,180.000000,top
"D653","NCD0603W1","NCD0603W1",74.460000,-94.780000,180.000000,top
"D654","NCD0603W1","NCD0603W1",77.000000,-94.780000,180.000000,top
"D655","NCD0603W1","NCD0603W1",79.539999,-94.780000,180.000000,top
"D656","NCD0603W1","NCD0603W1",82.080000,-94.780000,180.000000,top
"D657","NCD0603W1","NCD0603W1",84.620000,-94.780000,180.000000,top
"D658","NCD0603W1","NCD0603W1",87.160000,-94.780000,180.000000,top
"D659","NCD0603W1","NCD0603W1",89.699999,-94.780000,180.000000,top
"D660","NCD0603W1","NCD0603W1",92.240000,-94.780000,180.000000,top
"D661","NCD0603W1","NCD0603W1",94.780000,-94.780000,180.000000,top
"D662","NCD0603W1","NCD0603W1",97.320000,-94.780000,180.000000,top
"D663","NCD0603W1","NCD0603W1",99.860000,-94.780000,180.000000,top
"D664","NCD0603W1","NCD0603W1",102.400000,-94.780000,180.000000,top
"D665","NCD0603W1","NCD0603W1",104.940000,-94.780000,180.000000,top
"D666","NCD0603W1","NCD0603W1",107.479999,-94.780000,180.000000,top
"D667","NCD0603W1","NCD0603W1",110.020000,-94.780000,180.000000,top
"D668","NCD0603W1","NCD0603W1",112.560000,-94.780000,180.000000,top
"D669","NCD0603W1","NCD0603W1",115.100000,-94.780000,180.000000,top
"D670","NCD0603W1","NCD0603W1",117.639999,-94.780000,180.000000,top
"D671","NCD0603W1","NCD0603W1",120.180000,-94.780000,180.000000,top
"D672","NCD0603W1","NCD0603W1",122.720000,-94.780000,180.000000,top
"D673","NCD0603W1","NCD0603W1",43.980000,-97.320000,180.000000,top
"D674","NCD0603W1","NCD0603W1",46.519999,-97.320000,180.000000,top
"D675","NCD0603W1","NCD0603W1",49.059999,-97.320000,180.000000,top
"D676","NCD0603W1","NCD0603W1",51.599999,-97.320000,180.000000,top
"D677","NCD0603W1","NCD0603W1",54.140000,-97.320000,180.000000,top
"D678","NCD0603W1","NCD0603W1",56.679999,-97.320000,180.000000,top
"D679","NCD0603W1","NCD0603W1",59.220000,-97.320000,180.000000,top
"D680","NCD0603W1","NCD0603W1",61.760000,-97.320000,180.000000,top
"D681","NCD0603W1","NCD0603W1",64.300000,-97.320000,180.000000,top
"D682","NCD0603W1","NCD0603W1",66.840000,-97.320000,180.000000,top
"D683","NCD0603W1","NCD0603W1",69.380000,-97.320000,180.000000,top
"D684","NCD0603W1","NCD0603W1",71.920000,-97.320000,180.000000,top
"D685","NCD0603W1","NCD0603W1",74.460000,-97.320000,180.000000,top
"D686","NCD0603W1","NCD0603W1",77.000000,-97.320000,180.000000,top
"D687","NCD0603W1","NCD0603W1",79.539999,-97.320000,180.000000,top
"D688","NCD0603W1","NCD0603W1",82.080000,-97.320000,180.000000,top
"D689","NCD0603W1","NCD0603W1",84.620000,-97.320000,180.000000,top
"D690","NCD0603W1","NCD0603W1",87.160000,-97.320000,180.000000,top
"D691","NCD0603W1","NCD0603W1",89.699999,-97.320000,180.000000,top
"D692","NCD0603W1","NCD0603W1",92.240000,-97.320000,180.000000,top
"D693","NCD0603W1","NCD0603W1",94.780000,-97.320000,180.000000,top
"D694","NCD0603W1","NCD0603W1",97.320000,-97.320000,180.000000,top
"D695","NCD0603W1","NCD0603W1",99.860000,-97.320000,180.000000,top
"D696","NCD0603W1","NCD0603W1",102.400000,-97.320000,180.000000,top
"D697","NCD0603W1","NCD0603W1",104.940000,-97.320000,180.000000,top
"D698","NCD0603W1","NCD0603W1",107.479999,-97.320000,180.000000,top
"D699","NCD0603W1","NCD0603W1",110.020000,-97.320000,180.000000,top
"D700","NCD0603W1","NCD0603W1",112.560000,-97.320000,180.000000,top
"D701","NCD0603W1","NCD0603W1",115.100000,-97.320000,180.000000,top
"D702","NCD0603W1","NCD0603W1",117.639999,-97.320000,180.000000,top
"D703","NCD0603W1","NCD0603W1",120.180000,-97.320000,180.000000,top
"D704","NCD0603W1","NCD0603W1",122.720000,-97.320000,180.000000,top
"D705","NCD0603W1","NCD0603W1",43.980000,-99.860000,180.000000,top
"D706","NCD0603W1","NCD0603W1",46.519999,-99.860000,180.000000,top
"D707","NCD0603W1","NCD0603W1",49.059999,-99.860000,180.000000,top
"D708","NCD0603W1","NCD0603W1",51.599999,-99.860000,180.000000,top
"D709","NCD0603W1","NCD0603W1",54.140000,-99.860000,180.000000,top
"D710","NCD0603W1","NCD0603W1",56.679999,-99.860000,180.000000,top
"D711","NCD0603W1","NCD0603W1",59.220000,-99.860000,180.000000,top
"D712","NCD0603W1","NCD0603W1",61.760000,-99.860000,180.000000,top
"D713","NCD0603W1","NCD0603W1",64.300000,-99.860000,180.000000,top
"D714","NCD0603W1","NCD0603W1",66.840000,-99.860000,180.000000,top
"D715","NCD0603W1","NCD0603W1",69.380000,-99.860000,180.000000,top
"D716","NCD0603W1","NCD0603W1",71.920000,-99.860000,180.000000,top
"D717","NCD0603W1","NCD0603W1",74.460000,-99.860000,180.000000,top
"D718","NCD0603W1","NCD0603W1",77.000000,-99.860000,180.000000,top
"D719","NCD0603W1","NCD0603W1",79.539999,-99.860000,180.000000,top
"D720","NCD0603W1","NCD0603W1",82.080000,-99.860000,180.000000,top
"D721","NCD0603W1","NCD0603W1",84.620000,-99.860000,180.000000,top
"D722","NCD0603W1","NCD0603W1",87.160000,-99.860000,180.000000,top
"D723","NCD0603W1","NCD0603W1",89.699999,-99.860000,180.000000,top
"D724","NCD0603W1","NCD0603W1",92.240000,-99.860000,180.000000,top
"D725","NCD0603W1","NCD0603W1",94.780000,-99.860000,180.000000,top
"D726","NCD0603W1","NCD0603W1",97.320000,-99.860000,180.000000,top
"D727","NCD0603W1","NCD0603W1",99.860000,-99.860000,180.000000,top
"D728","NCD0603W1","NCD0603W1",102.400000,-99.860000,180.000000,top
"D729","NCD0603W1","NCD0603W1",104.940000,-99.860000,180.000000,top
"D730","NCD0603W1","NCD0603W1",107.479999,-99.860000,180.000000,top
"D731","NCD0603W1","NCD0603W1",110.020000,-99.860000,180.000000,top
"D732","NCD0603W1","NCD0603W1",112.560000,-99.860000,180.000000,top
"D733","NCD0603W1","NCD0603W1",115.100000,-99.860000,180.000000,top
"D734","NCD0603W1","NCD0603W1",117.639999,-99.860000,180.000000,top
"D735","NCD0603W1","NCD0603W1",120.180000,-99.860000,180.000000,top
"D736","NCD0603W1","NCD0603W1",122.720000,-99.860000,180.000000,top
"D737","NCD0603W1","NCD0603W1",43.980000,-102.400000,180.000000,top
"D738","NCD0603W1","NCD0603W1",46.519999,-102.400000,180.000000,top
"D739","NCD0603W1","NCD0603W1",49.059999,-102.400000,180.000000,top
"D740","NCD0603W1","NCD0603W1",51.599999,-102.400000,180.000000,top
"D741","NCD0603W1","NCD0603W1",54.140000,-102.400000,180.000000,top
"D742","NCD0603W1","NCD0603W1",56.679999,-102.400000,180.000000,top
"D743","NCD0603W1","NCD0603W1",59.220000,-102.400000,180.000000,top
"D744","NCD0603W1","NCD0603W1",61.760000,-102.400000,180.000000,top
"D745","NCD0603W1","NCD0603W1",64.300000,-102.400000,180.000000,top
"D746","NCD0603W1","NCD0603W1",66.840000,-102.400000,180.000000,top
"D747","NCD0603W1","NCD0603W1",69.380000,-102.400000,180.000000,top
"D748","NCD0603W1","NCD0603W1",71.920000,-102.400000,180.000000,top
"D749","NCD0603W1","NCD0603W1",74.460000,-102.400000,180.000000,top
"D750","NCD0603W1","NCD0603W1",77.000000,-102.400000,180.000000,top
"D751","NCD0603W1","NCD0603W1",79.539999,-102.400000,180.000000,top
"D752","NCD0603W1","NCD0603W1",82.080000,-102.400000,180.000000,top
"D753","NCD0603W1","NCD0603W1",84.620000,-102.400000,180.000000,top
"D754","NCD0603W1","NCD0603W1",87.160000,-102.400000,180.000000,top
"D755","NCD0603W1","NCD0603W1",89.699999,-102.400000,180.000000,top
"D756","NCD0603W1","NCD0603W1",92.240000,-102.400000,180.000000,top
"D757","NCD0603W1","NCD0603W1",94.780000,-102.400000,180.000000,top
"D758","NCD0603W1","NCD0603W1",97.320000,-102.400000,180.000000,top
"D759","NCD0603W1","NCD0603W1",99.860000,-102.400000,180.000000,top
"D760","NCD0603W1","NCD0603W1",102.400000,-102.400000,180.000000,top
"D761","NCD0603W1","NCD0603W1",104.940000,-102.400000,180.000000,top
"D762","NCD0603W1","NCD0603W1",107.479999,-102.400000,180.000000,top
"D763","NCD0603W1","NCD0603W1",110.020000,-102.400000,180.000000,top
"D764","NCD0603W1","NCD0603W1",112.560000,-102.400000,180.000000,top
"D765","NCD0603W1","NCD0603W1",115.100000,-102.400000,180.000000,top
"D766","NCD0603W1","NCD0603W1",117.639999,-102.400000,180.000000,top
"D767","NCD0603W1","NCD0603W1",120.180000,-102.400000,180.000000,top
"D768","NCD0603W1","NCD0603W1",122.720000,-102.400000,180.000000,top
"D769","NCD0603W1","NCD0603W1",43.980000,-104.940000,180.000000,top
"D770","NCD0603W1","NCD0603W1",46.519999,-104.940000,180.000000,top
"D771","NCD0603W1","NCD0603W1",49.059999,-104.940000,180.000000,top
"D772","NCD0603W1","NCD0603W1",51.599999,-104.940000,180.000000,top
"D773","NCD0603W1","NCD0603W1",54.140000,-104.940000,180.000000,top
"D774","NCD0603W1","NCD0603W1",56.679999,-104.940000,180.000000,top
"D775","NCD0603W1","NCD0603W1",59.220000,-104.940000,180.000000,top
"D776","NCD0603W1","NCD0603W1",61.760000,-104.940000,180.000000,top
"D777","NCD0603W1","NCD0603W1",64.300000,-104.940000,180.000000,top
"D778","NCD0603W1","NCD0603W1",66.840000,-104.940000,180.000000,top
"D779","NCD0603W1","NCD0603W1",69.380000,-104.940000,180.000000,top
"D780","NCD0603W1","NCD0603W1",71.920000,-104.940000,180.000000,top
"D781","NCD0603W1","NCD0603W1",74.460000,-104.940000,180.000000,top
"D782","NCD0603W1","NCD0603W1",77.000000,-104.940000,180.000000,top
"D783","NCD0603W1","NCD0603W1",79.539999,-104.940000,180.000000,top
"D784","NCD0603W1","NCD0603W1",82.080000,-104.940000,180.000000,top
"D785","NCD0603W1","NCD0603W1",84.620000,-104.940000,180.000000,top
"D786","NCD0603W1","NCD0603W1",87.160000,-104.940000,180.000000,top
"D787","NCD0603W1","NCD0603W1",89.699999,-104.940000,180.000000,top
"D788","NCD0603W1","NCD0603W1",92.240000,-104.940000,180.000000,top
"D789","NCD0603W1","NCD0603W1",94.780000,-104.940000,180.000000,top
"D790","NCD0603W1","NCD0603W1",97.320000,-104.940000,180.000000,top
"D791","NCD0603W1","NCD0603W1",99.860000,-104.940000,180.000000,top
"D792","NCD0603W1","NCD0603W1",102.400000,-104.940000,180.000000,top
"D793","NCD0603W1","NCD0603W1",104.940000,-104.940000,180.000000,top
"D794","NCD0603W1","NCD0603W1",107.479999,-104.940000,180.000000,top
"D795","NCD0603W1","NCD0603W1",110.020000,-104.940000,180.000000,top
"D796","NCD0603W1","NCD0603W1",112.560000,-104.940000,180.000000,top
"D797","NCD0603W1","NCD0603W1",115.100000,-104.940000,180.000000,top
"D798","NCD0603W1","NCD0603W1",117.639999,-104.940000,180.000000,top
"D799","NCD0603W1","NCD0603W1",120.180000,-104.940000,180.000000,top
"D800","NCD0603W1","NCD0603W1",122.720000,-104.940000,180.000000,top
"D801","NCD0603W1","NCD0603W1",43.980000,-107.479999,180.000000,top
"D802","NCD0603W1","NCD0603W1",46.519999,-107.479999,180.000000,top
"D803","NCD0603W1","NCD0603W1",49.059999,-107.479999,180.000000,top
"D804","NCD0603W1","NCD0603W1",51.599999,-107.479999,180.000000,top
"D805","NCD0603W1","NCD0603W1",54.140000,-107.479999,180.000000,top
"D806","NCD0603W1","NCD0603W1",56.679999,-107.479999,180.000000,top
"D807","NCD0603W1","NCD0603W1",59.220000,-107.479999,180.000000,top
"D808","NCD0603W1","NCD0603W1",61.760000,-107.479999,180.000000,top
"D809","NCD0603W1","NCD0603W1",64.300000,-107.479999,180.000000,top
"D810","NCD0603W1","NCD0603W1",66.840000,-107.479999,180.000000,top
"D811","NCD0603W1","NCD0603W1",69.380000,-107.479999,180.000000,top
"D812","NCD0603W1","NCD0603W1",71.920000,-107.479999,180.000000,top
"D813","NCD0603W1","NCD0603W1",74.460000,-107.479999,180.000000,top
"D814","NCD0603W1","NCD0603W1",77.000000,-107.479999,180.000000,top
"D815","NCD0603W1","NCD0603W1",79.539999,-107.479999,180.000000,top
"D816","NCD0603W1","NCD0603W1",82.080000,-107.479999,180.000000,top
"D817","NCD0603W1","NCD0603W1",84.620000,-107.479999,180.000000,top
"D818","NCD0603W1","NCD0603W1",87.160000,-107.479999,180.000000,top
"D819","NCD0603W1","NCD0603W1",89.699999,-107.479999,180.000000,top
"D820","NCD0603W1","NCD0603W1",92.240000,-107.479999,180.000000,top
"D821","NCD0603W1","NCD0603W1",94.780000,-107.479999,180.000000,top
"D822","NCD0603W1","NCD0603W1",97.320000,-107.479999,180.000000,top
"D823","NCD0603W1","NCD0603W1",99.860000,-107.479999,180.000000,top
"D824","NCD0603W1","NCD0603W1",102.400000,-107.479999,180.000000,top
"D825","NCD0603W1","NCD0603W1",104.940000,-107.479999,180.000000,top
"D826","NCD0603W1","NCD0603W1",107.479999,-107.479999,180.000000,top
"D827","NCD0603W1","NCD0603W1",110.020000,-107.479999,180.000000,top
"D828","NCD0603W1","NCD0603W1",112.560000,-107.479999,180.000000,top
"D829","NCD0603W1","NCD0603W1",115.100000,-107.479999,180.000000,top
"D830","NCD0603W1","NCD0603W1",117.639999,-107.479999,180.000000,top
"D831","NCD0603W1","NCD0603W1",120.180000,-107.479999,180.000000,top
"D832","NCD0603W1","NCD0603W1",122.720000,-107.479999,180.000000,top
"D833","NCD0603W1","NCD0603W1",43.980000,-110.020000,180.000000,top
"D834","NCD0603W1","NCD0603W1",46.519999,-110.020000,180.000000,top
"D835","NCD0603W1","NCD0603W1",49.059999,-110.020000,180.000000,top
"D836","NCD0603W1","NCD0603W1",51.599999,-110.020000,180.000000,top
"D837","NCD0603W1","NCD0603W1",54.140000,-110.020000,180.000000,top
"D838","NCD0603W1","NCD0603W1",56.679999,-110.020000,180.000000,top
"D839","NCD0603W1","NCD0603W1",59.220000,-110.020000,180.000000,top
"D840","NCD0603W1","NCD0603W1",61.760000,-110.020000,180.000000,top
"D841","NCD0603W1","NCD0603W1",64.300000,-110.020000,180.000000,top
"D842","NCD0603W1","NCD0603W1",66.840000,-110.020000,180.000000,top
"D843","NCD0603W1","NCD0603W1",69.380000,-110.020000,180.000000,top
"D844","NCD0603W1","NCD0603W1",71.920000,-110.020000,180.000000,top
"D845","NCD0603W1","NCD0603W1",74.460000,-110.020000,180.000000,top
"D846","NCD0603W1","NCD0603W1",77.000000,-110.020000,180.000000,top
"D847","NCD0603W1","NCD0603W1",79.539999,-110.020000,180.000000,top
"D848","NCD0603W1","NCD0603W1",82.080000,-110.020000,180.000000,top
"D849","NCD0603W1","NCD0603W1",84.620000,-110.020000,180.000000,top
"D850","NCD0603W1","NCD0603W1",87.160000,-110.020000,180.000000,top
"D851","NCD0603W1","NCD0603W1",89.699999,-110.020000,180.000000,top
"D852","NCD0603W1","NCD0603W1",92.240000,-110.020000,180.000000,top
"D853","NCD0603W1","NCD0603W1",94.780000,-110.020000,180.000000,top
"D854","NCD0603W1","NCD0603W1",97.320000,-110.020000,180.000000,top
"D855","NCD0603W1","NCD0603W1",99.860000,-110.020000,180.000000,top
"D856","NCD0603W1","NCD0603W1",102.400000,-110.020000,180.000000,top
"D857","NCD0603W1","NCD0603W1",104.940000,-110.020000,180.000000,top
"D858","NCD0603W1","NCD0603W1",107.479999,-110.020000,180.000000,top
"D859","NCD0603W1","NCD0603W1",110.020000,-110.020000,180.000000,top
"D860","NCD0603W1","NCD0603W1",112.560000,-110.020000,180.000000,top
"D861","NCD0603W1","NCD0603W1",115.100000,-110.020000,180.000000,top
"D862","NCD0603W1","NCD0603W1",117.639999,-110.020000,180.000000,top
"D863","NCD0603W1","NCD0603W1",120.180000,-110.020000,180.000000,top
"D864","NCD0603W1","NCD0603W1",122.720000,-110.020000,180.000000,top
"D865","NCD0603W1","NCD0603W1",43.980000,-112.560000,180.000000,top
"D866","NCD0603W1","NCD0603W1",46.519999,-112.560000,180.000000,top
"D867","NCD0603W1","NCD0603W1",49.059999,-112.560000,180.000000,top
"D868","NCD0603W1","NCD0603W1",51.599999,-112.560000,180.000000,top
"D869","NCD0603W1","NCD0603W1",54.140000,-112.560000,180.000000,top
"D870","NCD0603W1","NCD0603W1",56.679999,-112.560000,180.000000,top
"D871","NCD0603W1","NCD0603W1",59.220000,-112.560000,180.000000,top
"D872","NCD0603W1","NCD0603W1",61.760000,-112.560000,180.000000,top
"D873","NCD0603W1","NCD0603W1",64.300000,-112.560000,180.000000,top
"D874","NCD0603W1","NCD0603W1",66.840000,-112.560000,180.000000,top
"D875","NCD0603W1","NCD0603W1",69.380000,-112.560000,180.000000,top
"D876","NCD0603W1","NCD0603W1",71.920000,-112.560000,180.000000,top
"D877","NCD0603W1","NCD0603W1",74.460000,-112.560000,180.000000,top
"D878","NCD0603W1","NCD0603W1",77.000000,-112.560000,180.000000,top
"D879","NCD0603W1","NCD0603W1",79.539999,-112.560000,180.000000,top
"D880","NCD0603W1","NCD0603W1",82.080000,-112.560000,180.000000,top
"D881","NCD0603W1","NCD0603W1",84.620000,-112.560000,180.000000,top
"D882","NCD0603W1","NCD0603W1",87.160000,-112.560000,180.000000,top
"D883","NCD0603W1","NCD0603W1",89.699999,-112.560000,180.000000,top
"D884","NCD0603W1","NCD0603W1",92.240000,-112.560000,180.000000,top
"D885","NCD0603W1","NCD0603W1",94.780000,-112.560000,180.000000,top
"D886","NCD0603W1","NCD0603W1",97.320000,-112.560000,180.000000,top
"D887","NCD0603W1","NCD0603W1",99.860000,-112.560000,180.000000,top
"D888","NCD0603W1","NCD0603W1",102.400000,-112.560000,180.000000,top
"D889","NCD0603W1","NCD0603W1",104.940000,-112.560000,180.000000,top
"D890","NCD0603W1","NCD0603W1",107.479999,-112.560000,180.000000,top
"D891","NCD0603W1","NCD0603W1",110.020000,-112.560000,180.000000,top
"D892","NCD0603W1","NCD0603W1",112.560000,-112.560000,180.000000,top
"D893","NCD0603W1","NCD0603W1",115.100000,-112.560000,180.000000,top
"D894","NCD0603W1","NCD0603W1",117.639999,-112.560000,180.000000,top
"D895","NCD0603W1","NCD0603W1",120.180000,-112.560000,180.000000,top
"D896","NCD0603W1","NCD0603W1",122.720000,-112.560000,180.000000,top
"D897","NCD0603W1","NCD0603W1",43.980000,-115.100000,180.000000,top
"D898","NCD0603W1","NCD0603W1",46.519999,-115.100000,180.000000,top
"D899","NCD0603W1","NCD0603W1",49.059999,-115.100000,180.000000,top
"D900","NCD0603W1","NCD0603W1",51.599999,-115.100000,180.000000,top
"D901","NCD0603W1","NCD0603W1",54.140000,-115.100000,180.000000,top
"D902","NCD0603W1","NCD0603W1",56.679999,-115.100000,180.000000,top
"D903","NCD0603W1","NCD0603W1",59.220000,-115.100000,180.000000,top
"D904","NCD0603W1","NCD0603W1",61.760000,-115.100000,180.000000,top
"D905","NCD0603W1","NCD0603W1",64.300000,-115.100000,180.000000,top
"D906","NCD0603W1","NCD0603W1",66.840000,-115.100000,180.000000,top
"D907","NCD0603W1","NCD0603W1",69.380000,-115.100000,180.000000,top
"D908","NCD0603W1","NCD0603W1",71.920000,-115.100000,180.000000,top
"D909","NCD0603W1","NCD0603W1",74.460000,-115.100000,180.000000,top
"D910","NCD0603W1","NCD0603W1",77.000000,-115.100000,180.000000,top
"D911","NCD0603W1","NCD0603W1",79.539999,-115.100000,180.000000,top
"D912","NCD0603W1","NCD0603W1",82.080000,-115.100000,180.000000,top
"D913","NCD0603W1","NCD0603W1",84.620000,-115.100000,180.000000,top
"D914","NCD0603W1","NCD0603W1",87.160000,-115.100000,180.000000,top
"D915","NCD0603W1","NCD0603W1",89.699999,-115.100000,180.000000,top
"D916","NCD0603W1","NCD0603W1",92.240000,-115.100000,180.000000,top
"D917","NCD0603W1","NCD0603W1",94.780000,-115.100000,180.000000,top
"D918","NCD0603W1","NCD0603W1",97.320000,-115.100000,180.000000,top
"D919","NCD0603W1","NCD0603W1",99.860000,-115.100000,180.000000,top
"D920","NCD0603W1","NCD0603W1",102.400000,-115.100000,180.000000,top
"D921","NCD0603W1","NCD0603W1",104.940000,-115.100000,180.000000,top
"D922","NCD0603W1","NCD0603W1",107.479999,-115.100000,180.000000,top
"D923","NCD0603W1","NCD0603W1",110.020000,-115.100000,180.000000,top
"D924","NCD0603W1","NCD0603W1",112.560000,-115.100000,180.000000,top
"D925","NCD0603W1","NCD0603W1",115.100000,-115.100000,180.000000,top
"D926","NCD0603W1","NCD0603W1",117.639999,-115.100000,180.000000,top
"D927","NCD0603W1","NCD0603W1",120.180000,-115.100000,180.000000,top
"D928","NCD0603W1","NCD0603W1",122.720000,-115.100000,180.000000,top
"D929","NCD0603W1","NCD0603W1",43.980000,-117.639999,180.000000,top
"D930","NCD0603W1","NCD0603W1",46.519999,-117.639999,180.000000,top
"D931","NCD0603W1","NCD0603W1",49.059999,-117.639999,180.000000,top
"D932","NCD0603W1","NCD0603W1",51.599999,-117.639999,180.000000,top
"D933","NCD0603W1","NCD0603W1",54.140000,-117.639999,180.000000,top
"D934","NCD0603W1","NCD0603W1",56.679999,-117.639999,180.000000,top
"D935","NCD0603W1","NCD0603W1",59.220000,-117.639999,180.000000,top
"D936","NCD0603W1","NCD0603W1",61.760000,-117.639999,180.000000,top
"D937","NCD0603W1","NCD0603W1",64.300000,-117.639999,180.000000,top
"D938","NCD0603W1","NCD0603W1",66.840000,-117.639999,180.000000,top
"D939","NCD0603W1","NCD0603W1",69.380000,-117.639999,180.000000,top
"D940","NCD0603W1","NCD0603W1",71.920000,-117.639999,180.000000,top
"D941","NCD0603W1","NCD0603W1",74.460000,-117.639999,180.000000,top
"D942","NCD0603W1","NCD0603W1",77.000000,-117.639999,180.000000,top
"D943","NCD0603W1","NCD0603W1",79.539999,-117.639999,180.000000,top
"D944","NCD0603W1","NCD0603W1",82.080000,-117.639999,180.000000,top
"D945","NCD0603W1","NCD0603W1",84.620000,-117.639999,180.000000,top
"D946","NCD0603W1","NCD0603W1",87.160000,-117.639999,180.000000,top
"D947","NCD0603W1","NCD0603W1",89.699999,-117.639999,180.000000,top
"D948","NCD0603W1","NCD0603W1",92.240000,-117.639999,180.000000,top
"D949","NCD0603W1","NCD0603W1",94.780000,-117.639999,180.000000,top
"D950","NCD0603W1","NCD0603W1",97.320000,-117.639999,180.000000,top
"D951","NCD0603W1","NCD0603W1",99.860000,-117.639999,180.000000,top
"D952","NCD0603W1","NCD0603W1",102.400000,-117.639999,180.000000,top
"D953","NCD0603W1","NCD0603W1",104.940000,-117.639999,180.000000,top
"D954","NCD0603W1","NCD0603W1",107.479999,-117.639999,180.000000,top
"D955","NCD0603W1","NCD0603W1",110.020000,-117.639999,180.000000,top
"D956","NCD0603W1","NCD0603W1",112.560000,-117.639999,180.000000,top
"D957","NCD0603W1","NCD0603W1",115.100000,-117.639999,180.000000,top
"D958","NCD0603W1","NCD0603W1",117.639999,-117.639999,180.000000,top
"D959","NCD0603W1","NCD0603W1",120.180000,-117.639999,180.000000,top
"D960","NCD0603W1","NCD0603W1",122.720000,-117.639999,180.000000,top
"D961","NCD0603W1","NCD0603W1",43.980000,-120.180000,180.000000,top
"D962","NCD0603W1","NCD0603W1",46.519999,-120.180000,180.000000,top
"D963","NCD0603W1","NCD0603W1",49.059999,-120.180000,180.000000,top
"D964","NCD0603W1","NCD0603W1",51.599999,-120.180000,180.000000,top
"D965","NCD0603W1","NCD0603W1",54.140000,-120.180000,180.000000,top
"D966","NCD0603W1","NCD0603W1",56.679999,-120.180000,180.000000,top
"D967","NCD0603W1","NCD0603W1",59.220000,-120.180000,180.000000,top
"D968","NCD0603W1","NCD0603W1",61.760000,-120.180000,180.000000,top
"D969","NCD0603W1","NCD0603W1",64.300000,-120.180000,180.000000,top
"D970","NCD0603W1","NCD0603W1",66.840000,-120.180000,180.000000,top
"D971","NCD0603W1","NCD0603W1",69.380000,-120.180000,180.000000,top
"D972","NCD0603W1","NCD0603W1",71.920000,-120.180000,180.000000,top
"D973","NCD0603W1","NCD0603W1",74.460000,-120.180000,180.000000,top
"D974","NCD0603W1","NCD0603W1",77.000000,-120.180000,180.000000,top
"D975","NCD0603W1","NCD0603W1",79.539999,-120.180000,180.000000,top
"D976","NCD0603W1","NCD0603W1",82.080000,-120.180000,180.000000,top
"D977","NCD0603W1","NCD0603W1",84.620000,-120.180000,180.000000,top
"D978","NCD0603W1","NCD0603W1",87.160000,-120.180000,180.000000,top
"D979","NCD0603W1","NCD0603W1",89.699999,-120.180000,180.000000,top
"D980","NCD0603W1","NCD0603W1",92.240000,-120.180000,180.000000,top
"D981","NCD0603W1","NCD0603W1",94.780000,-120.180000,180.000000,top
"D982","NCD0603W1","NCD0603W1",97.320000,-120.180000,180.000000,top
"D983","NCD0603W1","NCD0603W1",99.860000,-120.180000,180.000000,top
"D984","NCD0603W1","NCD0603W1",102.400000,-120.180000,180.000000,top
"D985","NCD0603W1","NCD0603W1",104.940000,-120.180000,180.000000,top
"D986","NCD0603W1","NCD0603W1",107.479999,-120.180000,180.000000,top
"D987","NCD0603W1","NCD0603W1",110.020000,-120.180000,180.000000,top
"D988","NCD0603W1","NCD0603W1",112.560000,-120.180000,180.000000,top
"D989","NCD0603W1","NCD0603W1",115.100000,-120.180000,180.000000,top
"D990","NCD0603W1","NCD0603W1",117.639999,-120.180000,180.000000,top
"D991","NCD0603W1","NCD0603W1",120.180000,-120.180000,180.000000,top
"D992","NCD0603W1","NCD0603W1",122.720000,-120.180000,180.000000,top
"D993","NCD0603W1","NCD0603W1",43.980000,-122.720000,180.000000,top
"D994","NCD0603W1","NCD0603W1",46.519999,-122.720000,180.000000,top
"D995","NCD0603W1","NCD0603W1",49.059999,-122.720000,180.000000,top
"D996","NCD0603W1","NCD0603W1",51.599999,-122.720000,180.000000,top
"D997","NCD0603W1","NCD0603W1",54.140000,-122.720000,180.000000,top
"D998","NCD0603W1","NCD0603W1",56.679999,-122.720000,180.000000,top
"D999","NCD0603W1","NCD0603W1",59.220000,-122.720000,180.000000,top
"D1000","NCD0603W1","NCD0603W1",61.760000,-122.720000,180.000000,top
"D1001","NCD0603W1","NCD0603W1",64.300000,-122.720000,180.000000,top
"D1002","NCD0603W1","NCD0603W1",66.840000,-122.720000,180.000000,top
"D1003","NCD0603W1","NCD0603W1",69.380000,-122.720000,180.000000,top
"D1004","NCD0603W1","NCD0603W1",71.920000,-122.720000,180.000000,top
"D1005","NCD0603W1","NCD0603W1",74.460000,-122.720000,180.000000,top
"D1006","NCD0603W1","NCD0603W1",77.000000,-122.720000,180.000000,top
"D1007","NCD0603W1","NCD0603W1",79.539999,-122.720000,180.000000,top
"D1008","NCD0603W1","NCD0603W1",82.080000,-122.720000,180.000000,top
"D1009","NCD0603W1","NCD0603W1",84.620000,-122.720000,180.000000,top
"D1010","NCD0603W1","NCD0603W1",87.160000,-122.720000,180.000000,top
"D1011","NCD0603W1","NCD0603W1",89.699999,-122.720000,180.000000,top
"D1012","NCD0603W1","NCD0603W1",92.240000,-122.720000,180.000000,top
"D1013","NCD0603W1","NCD0603W1",94.780000,-122.720000,180.000000,top
"D1014","NCD0603W1","NCD0603W1",97.320000,-122.720000,180.000000,top
"D1015","NCD0603W1","NCD0603W1",99.860000,-122.720000,180.000000,top
"D1016","NCD0603W1","NCD0603W1",102.400000,-122.720000,180.000000,top
"D1017","NCD0603W1","NCD0603W1",104.940000,-122.720000,180.000000,top
"D1018","NCD0603W1","NCD0603W1",107.479999,-122.720000,180.000000,top
"D1019","NCD0603W1","NCD0603W1",110.020000,-122.720000,180.000000,top
"D1020","NCD0603W1","NCD0603W1",112.560000,-122.720000,180.000000,top
"D1021","NCD0603W1","NCD0603W1",115.100000,-122.720000,180.000000,top
"D1022","NCD0603W1","NCD0603W1",117.639999,-122.720000,180.000000,top
"D1023","NCD0603W1","NCD0603W1",120.180000,-122.720000,180.000000,top
"D1024","NCD0603W1","NCD0603W1",122.720000,-122.720000,180.000000,top
